S.No,Stock Name,Sector,Market Cap Tier,Index Membership,Typical Volatility,Popularity / Liquidity,Better Suited For,Why,Key Price Drivers,Sector Peers to Compare,Daily Trend,Weekly Trend,Monthly Trend,RSI (14)_x,MACD Signal_x,20 DMA,50 DMA,100 DMA,200 DMA,Last Updated_x,EMA 20,EMA 50,EMA 100,EMA 200,Nearest Support,Nearest Resistance,S/R Respect Note,Today's Move,52W High_x,52W Low_x,% from 52W High_x,% from 52W Low_x,ATR (14)_x,% to Support_x,% to Resistance_x,P/E (Trailing)_x,Dividend Yield %_x,RSI (14)_y,MACD Signal_y,Today Volume,Volume Ratio,Open Interest,ATM Strike,ATM Straddle,PCR (OI),Max Pain,Options Strategy Bias,Last Updated_y,India VIX,52W High_y,52W Low_y,% from 52W High_y,% from 52W Low_y,ATR (14)_y,% to Support_y,% to Resistance_y,P/E (Trailing)_y,Dividend Yield %_y,30D Hist Volatility (%)
1,HDFC Bank Ltd,Banking,Large Cap,Nifty 50 + Nifty Bank,Low-Medium,Very High,Selling (Premium),"Low/stable volatility + deep liquidity: OTM strikes are cheap to write but stay in a fairly predictable range, tight spreads make entry/exit efficient, and gap risk on results/news is comparatively low.","RBI repo rate moves, credit growth & NPA trends, quarterly results, bond yield moves","ICICI Bank Ltd, State Bank of India, Kotak Mahindra Bank Ltd",— fill from your chart —,— fill from your chart —,— fill from your chart —,— fill from your chart —,— fill from your chart —,—,—,—,—,,— fill by running script —,— fill by running script —,— fill by running script —,— fill by running script —,— fill by running script —,— fill by running script —,— fill by running script —,— fill by running script —,— fill by running script —,— fill by running script —,— fill by running script —,— fill by running script —,— fill by running script —,— fill by running script —,— fill by running script —,— fill by running script —,— fill by running script —,33.63,0.22,44417092.0,1.54,0.0,710.0,29.1,0.52,730.0,Option Buyer: Bearish Breakdown,2026-09-01 22:18,11.19,1020.5,698.5,-30.48,1.57,11.34,1.55,4.57,15.57,180.0,13.25
2,ICICI Bank Ltd,Banking,Large Cap,Nifty 50 + Nifty Bank,Low-Medium,Very High,Selling (Premium),"Low/stable volatility + deep liquidity: OTM strikes are cheap to write but stay in a fairly predictable range, tight spreads make entry/exit efficient, and gap risk on results/news is comparatively low.","RBI repo rate moves, credit growth & NPA trends, quarterly results, bond yield moves","HDFC Bank Ltd, State Bank of India, Kotak Mahindra Bank Ltd",— fill from your chart —,— fill from your chart —,— fill from your chart —,— fill from your chart —,— fill from your chart —,—,—,—,—,,— fill by running script —,— fill by running script —,— fill by running script —,— fill by running script —,— fill by running script —,— fill by running script —,— fill by running script —,— fill by running script —,— fill by running script —,— fill by running script —,— fill by running script —,— fill by running script —,— fill by running script —,— fill by running script —,— fill by running script —,— fill by running script —,— fill by running script —,51.71,0.79,10627608.0,1.12,0.0,1430.0,47.6,0.73,1440.0,Neutral / Stand Aside,2026-09-01 22:18,11.19,1480.0,1187.6,-3.39,20.4,20.31,2.69,2.11,18.59,84.0,16.42
3,State Bank of India,Banking,Large Cap,Nifty 50 + Nifty Bank,Medium,Very High,Selling (Premium),"Moderate, fairly range-bound volatility with strong liquidity: premium is reasonable and strikes can be placed with decent margin of safety; still check IV before results/events.","RBI repo rate moves, credit growth & NPA trends, quarterly results, bond yield moves","HDFC Bank Ltd, ICICI Bank Ltd, Kotak Mahindra Bank Ltd",— fill from your chart —,— fill from your chart —,— fill from your chart —,— fill from your chart —,— fill from your chart —,—,—,—,—,,— fill by running script —,— fill by running script —,— fill by running script —,— fill by running script —,— fill by running script —,— fill by running script —,— fill by running script —,— fill by running script —,— fill by running script —,— fill by running script —,— fill by running script —,— fill by running script —,— fill by running script —,— fill by running script —,— fill by running script —,— fill by running script —,— fill by running script —,43.11,-3.15,7605132.0,0.8,0.0,1030.0,42.2,0.66,1050.0,Option Seller: Short Strangle / Iron Condor,2026-09-01 22:18,11.19,1234.7,802.65,-16.59,28.31,16.16,0.27,9.19,11.07,164.0,19.62
4,Kotak Mahindra Bank Ltd,Banking,Large Cap,Nifty 50 + Nifty Bank,Low-Medium,High,Selling (Premium),"Low/stable volatility + deep liquidity: OTM strikes are cheap to write but stay in a fairly predictable range, tight spreads make entry/exit efficient, and gap risk on results/news is comparatively low.","RBI repo rate moves, credit growth & NPA trends, quarterly results, bond yield moves","HDFC Bank Ltd, ICICI Bank Ltd, State Bank of India",— fill from your chart —,— fill from your chart —,— fill from your chart —,— fill from your chart —,— fill from your chart —,—,—,—,—,,— fill by running script —,— fill by running script —,— fill by running script —,— fill by running script —,— fill by running script —,— fill by running script —,— fill by running script —,— fill by running script —,— fill by running script —,— fill by running script —,— fill by running script —,— fill by running script —,— fill by running script —,— fill by running script —,— fill by running script —,— fill by running script —,— fill by running script —,71.48,3.06,7669677.0,0.64,0.0,425.0,15.85,0.9,420.0,Neutral / Stand Aside,2026-09-01 22:18,11.19,453.2,345.5,-6.22,23.01,7.59,9.06,0.96,20.85,15.0,17.58
5,Axis Bank Ltd,Banking,Large Cap,Nifty 50 + Nifty Bank,Medium,Very High,Selling (Premium),"Moderate, fairly range-bound volatility with strong liquidity: premium is reasonable and strikes can be placed with decent margin of safety; still check IV before results/events.","RBI repo rate moves, credit growth & NPA trends, quarterly results, bond yield moves","HDFC Bank Ltd, ICICI Bank Ltd, State Bank of India",— fill from your chart —,— fill from your chart —,— fill from your chart —,— fill from your chart —,— fill from your chart —,—,—,—,—,,— fill by running script —,— fill by running script —,— fill by running script —,— fill by running script —,— fill by running script —,— fill by running script —,— fill by running script —,— fill by running script —,— fill by running script —,— fill by running script —,— fill by running script —,— fill by running script —,— fill by running script —,— fill by running script —,— fill by running script —,— fill by running script —,— fill by running script —,50.55,6.69,5588158.0,1.18,0.0,1260.0,46.6,0.86,1260.0,Neutral / Stand Aside,2026-09-01 22:18,11.19,1418.3,1045.0,-11.34,20.33,22.19,3.89,3.38,14.17,8.0,20.87
6,IndusInd Bank Ltd,Banking,Large Cap,Nifty 50 + Nifty Bank,Medium-High,Very High,Both / Depends on IV,"Volatility swings meaningfully with news/results and business cycle: rich premium can suit selling when IV is elevated, but sizing and strike distance should widen versus low-vol names; also workable for directional buying around clear catalysts.","RBI repo rate moves, credit growth & NPA trends, quarterly results, bond yield moves","HDFC Bank Ltd, ICICI Bank Ltd, State Bank of India",— fill from your chart —,— fill from your chart —,— fill from your chart —,— fill from your chart —,— fill from your chart —,—,—,—,—,,— fill by running script —,— fill by running script —,— fill by running script —,— fill by running script —,— fill by running script —,— fill by running script —,— fill by running script —,— fill by running script —,— fill by running script —,— fill by running script —,— fill by running script —,— fill by running script —,— fill by running script —,— fill by running script —,— fill by running script —,— fill by running script —,— fill by running script —,43.68,-3.44,1742567.0,1.6,0.0,990.0,47.55,0.87,1000.0,Neutral / Stand Aside,2026-09-01 22:18,11.19,1077.85,710.6,-8.19,39.26,17.82,0.94,4.89,58.46,15.0,24.87
7,Bank of Baroda,Banking,Large Cap,Nifty Bank,Medium-High,Very High,Both / Depends on IV,"Volatility swings meaningfully with news/results and business cycle: rich premium can suit selling when IV is elevated, but sizing and strike distance should widen versus low-vol names; also workable for directional buying around clear catalysts.","RBI repo rate moves, credit growth & NPA trends, quarterly results, bond yield moves","HDFC Bank Ltd, ICICI Bank Ltd, State Bank of India",— fill from your chart —,— fill from your chart —,— fill from your chart —,— fill from your chart —,— fill from your chart —,—,—,—,—,,— fill by running script —,— fill by running script —,— fill by running script —,— fill by running script —,— fill by running script —,— fill by running script —,— fill by running script —,— fill by running script —,— fill by running script —,— fill by running script —,— fill by running script —,— fill by running script —,— fill by running script —,— fill by running script —,— fill by running script —,— fill by running script —,— fill by running script —,40.46,-0.33,13131444.0,1.65,0.0,240.0,11.21,0.88,245.0,Neutral / Stand Aside,2026-09-01 22:18,11.19,325.5,231.72,-26.42,3.36,3.91,1.34,4.97,6.77,356.0,18.36
8,Canara Bank,Banking,Large Cap,Nifty Bank,Medium,High,Selling (Premium),"Moderate, fairly range-bound volatility with strong liquidity: premium is reasonable and strikes can be placed with decent margin of safety; still check IV before results/events.","RBI repo rate moves, credit growth & NPA trends, quarterly results, bond yield moves","HDFC Bank Ltd, ICICI Bank Ltd, State Bank of India",— fill from your chart —,— fill from your chart —,— fill from your chart —,— fill from your chart —,— fill from your chart —,—,—,—,—,,— fill by running script —,— fill by running script —,— fill by running script —,— fill by running script —,— fill by running script —,— fill by running script —,— fill by running script —,— fill by running script —,— fill by running script —,— fill by running script —,— fill by running script —,— fill by running script —,— fill by running script —,— fill by running script —,— fill by running script —,— fill by running script —,— fill by running script —,40.88,-0.49,9840419.0,0.69,0.0,125.0,6.64,0.83,130.0,Option Seller: Short Strangle / Iron Condor,2026-09-01 22:18,11.19,162.89,104.75,-22.89,19.9,2.41,0.35,5.98,5.74,331.0,18.19
9,Punjab National Bank,Banking,Large Cap,Nifty Bank,High,Very High,Buying (Directional),"High to very high volatility, often driven by news flow, ownership/regulatory triggers, or a still-unprofitable/early business model: sudden large moves and gap risk make naked OTM selling dangerous; a long option (defined max loss) fits this profile better than premium selling.","RBI repo rate moves, credit growth & NPA trends, quarterly results, bond yield moves","HDFC Bank Ltd, ICICI Bank Ltd, State Bank of India",— fill from your chart —,— fill from your chart —,— fill from your chart —,— fill from your chart —,— fill from your chart —,—,—,—,—,,— fill by running script —,— fill by running script —,— fill by running script —,— fill by running script —,— fill by running script —,— fill by running script —,— fill by running script —,— fill by running script —,— fill by running script —,— fill by running script —,— fill by running script —,— fill by running script —,— fill by running script —,— fill by running script —,— fill by running script —,— fill by running script —,— fill by running script —,51.23,-0.59,10969598.0,0.84,0.0,115.0,5.55,0.71,116.0,Option Seller: Short Strangle / Iron Condor,2026-09-01 22:18,11.19,135.15,98.5,-15.13,16.45,1.99,2.09,4.18,5.99,263.0,17.06
10,Federal Bank Ltd,Banking,Mid Cap,Nifty Bank,Medium,High,Selling (Premium),"Moderate, fairly range-bound volatility with strong liquidity: premium is reasonable and strikes can be placed with decent margin of safety; still check IV before results/events.","RBI repo rate moves, credit growth & NPA trends, quarterly results, bond yield moves","HDFC Bank Ltd, ICICI Bank Ltd, State Bank of India",— fill from your chart —,— fill from your chart —,— fill from your chart —,— fill from your chart —,— fill from your chart —,—,—,—,—,,— fill by running script —,— fill by running script —,— fill by running script —,— fill by running script —,— fill by running script —,— fill by running script —,— fill by running script —,— fill by running script —,— fill by running script —,— fill by running script —,— fill by running script —,— fill by running script —,— fill by running script —,— fill by running script —,— fill by running script —,— fill by running script —,— fill by running script —,48.34,-1.63,3391394.0,0.73,0.0,350.0,14.6,0.74,350.0,Option Seller: Short Strangle / Iron Condor,2026-09-01 22:18,11.19,371.7,188.4,-6.19,85.08,7.23,2.05,4.45,18.69,34.0,23.74
11,IDFC First Bank Ltd,Banking,Mid Cap,Nifty Bank,Medium,High,Selling (Premium),"Moderate, fairly range-bound volatility with strong liquidity: premium is reasonable and strikes can be placed with decent margin of safety; still check IV before results/events.","RBI repo rate moves, credit growth & NPA trends, quarterly results, bond yield moves","HDFC Bank Ltd, ICICI Bank Ltd, State Bank of India",— fill from your chart —,— fill from your chart —,— fill from your chart —,— fill from your chart —,— fill from your chart —,—,—,—,—,,— fill by running script —,— fill by running script —,— fill by running script —,— fill by running script —,— fill by running script —,— fill by running script —,— fill by running script —,— fill by running script —,— fill by running script —,— fill by running script —,— fill by running script —,— fill by running script —,— fill by running script —,— fill by running script —,— fill by running script —,— fill by running script —,— fill by running script —,51.76,-0.34,11579195.0,0.99,0.0,85.0,3.96,0.62,85.0,Option Seller: Bear Call Spread (Call Overhang),2026-09-01 22:18,11.19,88.76,58.08,-4.57,45.83,1.44,2.6,2.64,32.78,30.0,22.74
12,AU Small Finance Bank Ltd,Banking,Mid Cap,Nifty Bank,Medium,High,Selling (Premium),"Moderate, fairly range-bound volatility with strong liquidity: premium is reasonable and strikes can be placed with decent margin of safety; still check IV before results/events.","RBI repo rate moves, credit growth & NPA trends, quarterly results, bond yield moves","HDFC Bank Ltd, ICICI Bank Ltd, State Bank of India",— fill from your chart —,— fill from your chart —,— fill from your chart —,— fill from your chart —,— fill from your chart —,—,—,—,—,,— fill by running script —,— fill by running script —,— fill by running script —,— fill by running script —,— fill by running script —,— fill by running script —,— fill by running script —,— fill by running script —,— fill by running script —,— fill by running script —,— fill by running script —,— fill by running script —,— fill by running script —,— fill by running script —,— fill by running script —,— fill by running script —,— fill by running script —,51.08,-3.1,1068952.0,0.63,0.0,1080.0,54.5,0.7,1100.0,Option Seller: Short Strangle / Iron Condor,2026-09-01 22:18,11.19,1144.1,682.15,-5.6,58.32,21.94,3.49,5.94,28.63,9.0,25.73
13,Bandhan Bank Ltd,Banking,Mid Cap,Broader Nifty universe (Next50/Midcap150/Smallcap) — verify at niftyindices.com,Medium,High,Selling (Premium),"Moderate, fairly range-bound volatility with strong liquidity: premium is reasonable and strikes can be placed with decent margin of safety; still check IV before results/events.","RBI repo rate moves, credit growth & NPA trends, quarterly results, bond yield moves","HDFC Bank Ltd, ICICI Bank Ltd, State Bank of India",— fill from your chart —,— fill from your chart —,— fill from your chart —,— fill from your chart —,— fill from your chart —,—,—,—,—,,— fill by running script —,— fill by running script —,— fill by running script —,— fill by running script —,— fill by running script —,— fill by running script —,— fill by running script —,— fill by running script —,— fill by running script —,— fill by running script —,— fill by running script —,— fill by running script —,— fill by running script —,— fill by running script —,— fill by running script —,— fill by running script —,— fill by running script —,30.68,-0.15,5214696.0,0.74,0.0,160.0,11.01,0.73,175.0,Neutral / Stand Aside,2026-09-01 22:18,11.19,220.76,134.25,-26.39,21.04,3.84,0.52,11.22,19.42,92.0,58.91
14,RBL Bank Ltd,Banking,Mid Cap,Broader Nifty universe (Next50/Midcap150/Smallcap) — verify at niftyindices.com,Medium,High,Selling (Premium),"Moderate, fairly range-bound volatility with strong liquidity: premium is reasonable and strikes can be placed with decent margin of safety; still check IV before results/events.","RBI repo rate moves, credit growth & NPA trends, quarterly results, bond yield moves","HDFC Bank Ltd, ICICI Bank Ltd, State Bank of India",— fill from your chart —,— fill from your chart —,— fill from your chart —,— fill from your chart —,— fill from your chart —,—,—,—,—,,— fill by running script —,— fill by running script —,— fill by running script —,— fill by running script —,— fill by running script —,— fill by running script —,— fill by running script —,— fill by running script —,— fill by running script —,— fill by running script —,— fill by running script —,— fill by running script —,— fill by running script —,— fill by running script —,— fill by running script —,— fill by running script —,— fill by running script —,49.06,-1.57,2288711.0,1.08,0.0,380.0,18.8,0.55,380.0,Option Seller: Bear Call Spread (Call Overhang),2026-09-01 22:18,11.19,394.5,261.6,-3.55,45.45,6.59,1.08,3.68,31.45,33.0,20.2
15,Union Bank of India,Banking,Mid Cap,Broader Nifty universe (Next50/Midcap150/Smallcap) — verify at niftyindices.com,Medium,High,Selling (Premium),"Moderate, fairly range-bound volatility with strong liquidity: premium is reasonable and strikes can be placed with decent margin of safety; still check IV before results/events.","RBI repo rate moves, credit growth & NPA trends, quarterly results, bond yield moves","HDFC Bank Ltd, ICICI Bank Ltd, State Bank of India",— fill from your chart —,— fill from your chart —,— fill from your chart —,— fill from your chart —,— fill from your chart —,—,—,—,—,,— fill by running script —,— fill by running script —,— fill by running script —,— fill by running script —,— fill by running script —,— fill by running script —,— fill by running script —,— fill by running script —,— fill by running script —,— fill by running script —,— fill by running script —,— fill by running script —,— fill by running script —,— fill by running script —,— fill by running script —,— fill by running script —,— fill by running script —,54.41,-0.54,7002385.0,0.62,0.0,185.0,10.42,0.65,185.0,Option Seller: Bear Call Spread (Call Overhang),2026-09-01 22:18,11.19,205.49,125.45,-10.31,46.92,4.41,5.47,4.35,6.84,269.0,23.59
16,Indian Bank,Banking,Mid Cap,Broader Nifty universe (Next50/Midcap150/Smallcap) — verify at niftyindices.com,Medium,High,Selling (Premium),"Moderate, fairly range-bound volatility with strong liquidity: premium is reasonable and strikes can be placed with decent margin of safety; still check IV before results/events.","RBI repo rate moves, credit growth & NPA trends, quarterly results, bond yield moves","HDFC Bank Ltd, ICICI Bank Ltd, State Bank of India",— fill from your chart —,— fill from your chart —,— fill from your chart —,— fill from your chart —,— fill from your chart —,—,—,—,—,,— fill by running script —,— fill by running script —,— fill by running script —,— fill by running script —,— fill by running script —,— fill by running script —,— fill by running script —,— fill by running script —,— fill by running script —,— fill by running script —,— fill by running script —,— fill by running script —,— fill by running script —,— fill by running script —,— fill by running script —,— fill by running script —,— fill by running script —,52.23,-1.17,1602957.0,1.23,0.0,880.0,48.1,0.71,880.0,Neutral / Stand Aside,2026-09-01 22:18,11.19,1000.9,660.1,-12.47,32.72,19.14,3.53,3.3,9.29,203.0,20.49
17,Bank of India,Banking,Mid Cap,Broader Nifty universe (Next50/Midcap150/Smallcap) — verify at niftyindices.com,Medium,High,Selling (Premium),"Moderate, fairly range-bound volatility with strong liquidity: premium is reasonable and strikes can be placed with decent margin of safety; still check IV before results/events.","RBI repo rate moves, credit growth & NPA trends, quarterly results, bond yield moves","HDFC Bank Ltd, ICICI Bank Ltd, State Bank of India",— fill from your chart —,— fill from your chart —,— fill from your chart —,— fill from your chart —,— fill from your chart —,—,—,—,—,,— fill by running script —,— fill by running script —,— fill by running script —,— fill by running script —,— fill by running script —,— fill by running script —,— fill by running script —,— fill by running script —,— fill by running script —,— fill by running script —,— fill by running script —,— fill by running script —,— fill by running script —,— fill by running script —,— fill by running script —,— fill by running script —,— fill by running script —,47.38,-0.12,3406860.0,0.57,0.0,142.5,7.84,0.77,145.0,Option Seller: Short Strangle / Iron Condor,2026-09-01 22:18,11.19,178.36,111.33,-20.5,27.37,2.59,1.71,4.3,5.27,323.0,21.0
18,Yes Bank Ltd,Banking,Mid Cap,Broader Nifty universe (Next50/Midcap150/Smallcap) — verify at niftyindices.com,Very High,Very High,Buying (Directional),"High to very high volatility, often driven by news flow, ownership/regulatory triggers, or a still-unprofitable/early business model: sudden large moves and gap risk make naked OTM selling dangerous; a long option (defined max loss) fits this profile better than premium selling.","RBI repo rate moves, credit growth & NPA trends, quarterly results, bond yield moves","HDFC Bank Ltd, ICICI Bank Ltd, State Bank of India",— fill from your chart —,— fill from your chart —,— fill from your chart —,— fill from your chart —,— fill from your chart —,—,—,—,—,,— fill by running script —,— fill by running script —,— fill by running script —,— fill by running script —,— fill by running script —,— fill by running script —,— fill by running script —,— fill by running script —,— fill by running script —,— fill by running script —,— fill by running script —,— fill by running script —,— fill by running script —,— fill by running script —,— fill by running script —,— fill by running script —,— fill by running script —,39.08,-0.02,63872649.0,1.28,0.0,22.0,0.99,0.74,23.0,Neutral / Stand Aside,2026-09-01 22:18,11.19,25.78,17.2,-14.66,27.91,0.42,0.27,5.23,18.42,,19.35
19,Bajaj Finance Ltd,NBFC / Financial Services,Large Cap,Nifty 50,Medium-High,Very High,Both / Depends on IV,"Volatility swings meaningfully with news/results and business cycle: rich premium can suit selling when IV is elevated, but sizing and strike distance should widen versus low-vol names; also workable for directional buying around clear catalysts.","Cost of funds, RBI/NBFC regulatory tightening, asset quality, credit growth cycle","Bajaj Finserv Ltd, Shriram Finance Ltd, Cholamandalam Investment & Finance Co Ltd",— fill from your chart —,— fill from your chart —,— fill from your chart —,— fill from your chart —,— fill from your chart —,—,—,—,—,,— fill by running script —,— fill by running script —,— fill by running script —,— fill by running script —,— fill by running script —,— fill by running script —,— fill by running script —,— fill by running script —,— fill by running script —,— fill by running script —,— fill by running script —,— fill by running script —,— fill by running script —,— fill by running script —,— fill by running script —,— fill by running script —,— fill by running script —,41.29,-7.82,4813301.0,0.92,0.0,1050.0,51.7,0.83,1080.0,Option Seller: Short Strangle / Iron Condor,2026-09-01 22:18,11.19,1176.4,787.9,-10.84,33.13,18.25,0.18,11.16,32.37,50.0,35.57
20,Bajaj Finserv Ltd,NBFC / Financial Services,Large Cap,Nifty 50,Medium,High,Selling (Premium),"Moderate, fairly range-bound volatility with strong liquidity: premium is reasonable and strikes can be placed with decent margin of safety; still check IV before results/events.","Cost of funds, RBI/NBFC regulatory tightening, asset quality, credit growth cycle","Bajaj Finance Ltd, Shriram Finance Ltd, Cholamandalam Investment & Finance Co Ltd",— fill from your chart —,— fill from your chart —,— fill from your chart —,— fill from your chart —,— fill from your chart —,—,—,—,—,,— fill by running script —,— fill by running script —,— fill by running script —,— fill by running script —,— fill by running script —,— fill by running script —,— fill by running script —,— fill by running script —,— fill by running script —,— fill by running script —,— fill by running script —,— fill by running script —,— fill by running script —,— fill by running script —,— fill by running script —,— fill by running script —,— fill by running script —,45.83,-10.35,788344.0,0.85,0.0,1960.0,83.5,0.72,2000.0,Option Seller: Short Strangle / Iron Condor,2026-09-01 22:18,11.19,2195.0,1597.0,-10.34,23.23,31.71,0.4,7.65,31.17,6.0,26.84
21,Shriram Finance Ltd,NBFC / Financial Services,Mid Cap,Nifty 50,Medium-High,High,Both / Depends on IV,"Volatility swings meaningfully with news/results and business cycle: rich premium can suit selling when IV is elevated, but sizing and strike distance should widen versus low-vol names; also workable for directional buying around clear catalysts.","Cost of funds, RBI/NBFC regulatory tightening, asset quality, credit growth cycle","Bajaj Finance Ltd, Bajaj Finserv Ltd, Cholamandalam Investment & Finance Co Ltd",— fill from your chart —,— fill from your chart —,— fill from your chart —,— fill from your chart —,— fill from your chart —,—,—,—,—,,— fill by running script —,— fill by running script —,— fill by running script —,— fill by running script —,— fill by running script —,— fill by running script —,— fill by running script —,— fill by running script —,— fill by running script —,— fill by running script —,— fill by running script —,— fill by running script —,— fill by running script —,— fill by running script —,— fill by running script —,— fill by running script —,— fill by running script —,41.52,-9.21,5673585.0,1.43,0.0,1060.0,63.25,0.58,1100.0,Neutral / Stand Aside,2026-09-01 22:18,11.19,1153.7,580.0,-8.65,81.71,29.06,0.31,9.47,18.71,127.0,32.63
22,Cholamandalam Investment & Finance Co Ltd,NBFC / Financial Services,Mid Cap,Nifty 50,Medium-High,High,Both / Depends on IV,"Volatility swings meaningfully with news/results and business cycle: rich premium can suit selling when IV is elevated, but sizing and strike distance should widen versus low-vol names; also workable for directional buying around clear catalysts.","Cost of funds, RBI/NBFC regulatory tightening, asset quality, credit growth cycle","Bajaj Finance Ltd, Bajaj Finserv Ltd, Shriram Finance Ltd",— fill from your chart —,— fill from your chart —,— fill from your chart —,— fill from your chart —,— fill from your chart —,—,—,—,—,,— fill by running script —,— fill by running script —,— fill by running script —,— fill by running script —,— fill by running script —,— fill by running script —,— fill by running script —,— fill by running script —,— fill by running script —,— fill by running script —,— fill by running script —,— fill by running script —,— fill by running script —,— fill by running script —,— fill by running script —,— fill by running script —,— fill by running script —,43.37,-11.46,1873461.0,1.77,0.0,1820.0,106.4,0.68,1840.0,Neutral / Stand Aside,2026-09-01 22:18,11.19,1952.5,1299.4,-7.2,39.44,38.53,0.98,7.76,26.84,11.0,29.7
23,Muthoot Finance Ltd,NBFC / Financial Services,Mid Cap,Broader Nifty universe (Next50/Midcap150/Smallcap) — verify at niftyindices.com,Medium-High,High,Both / Depends on IV,"Volatility swings meaningfully with news/results and business cycle: rich premium can suit selling when IV is elevated, but sizing and strike distance should widen versus low-vol names; also workable for directional buying around clear catalysts.","Cost of funds, RBI/NBFC regulatory tightening, asset quality, credit growth cycle","Bajaj Finance Ltd, Bajaj Finserv Ltd, Shriram Finance Ltd",— fill from your chart —,— fill from your chart —,— fill from your chart —,— fill from your chart —,— fill from your chart —,—,—,—,—,,— fill by running script —,— fill by running script —,— fill by running script —,— fill by running script —,— fill by running script —,— fill by running script —,— fill by running script —,— fill by running script —,— fill by running script —,— fill by running script —,— fill by running script —,— fill by running script —,— fill by running script —,— fill by running script —,— fill by running script —,— fill by running script —,— fill by running script —,42.48,3.53,750967.0,0.72,0.0,2900.0,184.55,0.56,3050.0,Option Seller: Short Strangle / Iron Condor,2026-09-01 22:18,11.19,4149.5,2671.0,-30.12,8.56,89.52,2.43,11.96,10.26,97.0,38.86
24,Manappuram Finance Ltd,NBFC / Financial Services,Mid Cap,Broader Nifty universe (Next50/Midcap150/Smallcap) — verify at niftyindices.com,High,Medium,Buying (Directional),"High to very high volatility, often driven by news flow, ownership/regulatory triggers, or a still-unprofitable/early business model: sudden large moves and gap risk make naked OTM selling dangerous; a long option (defined max loss) fits this profile better than premium selling.","Cost of funds, RBI/NBFC regulatory tightening, asset quality, credit growth cycle","Bajaj Finance Ltd, Bajaj Finserv Ltd, Shriram Finance Ltd",— fill from your chart —,— fill from your chart —,— fill from your chart —,— fill from your chart —,— fill from your chart —,—,—,—,—,,— fill by running script —,— fill by running script —,— fill by running script —,— fill by running script —,— fill by running script —,— fill by running script —,— fill by running script —,— fill by running script —,— fill by running script —,— fill by running script —,— fill by running script —,— fill by running script —,— fill by running script —,— fill by running script —,— fill by running script —,— fill by running script —,— fill by running script —,40.65,-2.7,1860620.0,0.28,0.0,340.0,21.3,0.75,350.0,Option Seller: Short Strangle / Iron Condor,2026-09-01 22:18,11.19,381.55,245.15,-11.52,37.71,9.91,0.59,10.5,20.6,115.0,27.93
25,LIC Housing Finance Ltd,NBFC / Financial Services,Mid Cap,Broader Nifty universe (Next50/Midcap150/Smallcap) — verify at niftyindices.com,Medium-High,High,Both / Depends on IV,"Volatility swings meaningfully with news/results and business cycle: rich premium can suit selling when IV is elevated, but sizing and strike distance should widen versus low-vol names; also workable for directional buying around clear catalysts.","Cost of funds, RBI/NBFC regulatory tightening, asset quality, credit growth cycle","Bajaj Finance Ltd, Bajaj Finserv Ltd, Shriram Finance Ltd",— fill from your chart —,— fill from your chart —,— fill from your chart —,— fill from your chart —,— fill from your chart —,—,—,—,—,,— fill by running script —,— fill by running script —,— fill by running script —,— fill by running script —,— fill by running script —,— fill by running script —,— fill by running script —,— fill by running script —,— fill by running script —,— fill by running script —,— fill by running script —,— fill by running script —,— fill by running script —,— fill by running script —,— fill by running script —,— fill by running script —,— fill by running script —,56.49,5.57,2000075.0,0.73,0.0,530.0,22.5,1.11,520.0,Option Seller: Short Strangle / Iron Condor,2026-09-01 22:18,11.19,598.2,458.9,-11.17,15.8,11.88,8.65,2.26,5.13,186.0,25.92
26,Power Finance Corporation Ltd,NBFC / Financial Services,Large Cap,Broader Nifty universe (Next50/Midcap150/Smallcap) — verify at niftyindices.com,Medium-High,Very High,Both / Depends on IV,"Volatility swings meaningfully with news/results and business cycle: rich premium can suit selling when IV is elevated, but sizing and strike distance should widen versus low-vol names; also workable for directional buying around clear catalysts.","Cost of funds, RBI/NBFC regulatory tightening, asset quality, credit growth cycle","Bajaj Finance Ltd, Bajaj Finserv Ltd, Shriram Finance Ltd",— fill from your chart —,— fill from your chart —,— fill from your chart —,— fill from your chart —,— fill from your chart —,—,—,—,—,,— fill by running script —,— fill by running script —,— fill by running script —,— fill by running script —,— fill by running script —,— fill by running script —,— fill by running script —,— fill by running script —,— fill by running script —,— fill by running script —,— fill by running script —,— fill by running script —,— fill by running script —,— fill by running script —,— fill by running script —,— fill by running script —,— fill by running script —,25.06,-2.44,8352858.0,0.92,0.0,345.0,16.6,0.64,365.0,Neutral / Stand Aside,2026-09-01 22:18,11.19,486.5,329.9,-29.22,4.38,7.02,2.34,23.13,4.38,464.0,32.13
27,REC Ltd,NBFC / Financial Services,Large Cap,Broader Nifty universe (Next50/Midcap150/Smallcap) — verify at niftyindices.com,Medium-High,Very High,Both / Depends on IV,"Volatility swings meaningfully with news/results and business cycle: rich premium can suit selling when IV is elevated, but sizing and strike distance should widen versus low-vol names; also workable for directional buying around clear catalysts.","Cost of funds, RBI/NBFC regulatory tightening, asset quality, credit growth cycle","Bajaj Finance Ltd, Bajaj Finserv Ltd, Shriram Finance Ltd",— fill from your chart —,— fill from your chart —,— fill from your chart —,— fill from your chart —,— fill from your chart —,—,—,—,—,,— fill by running script —,— fill by running script —,— fill by running script —,— fill by running script —,— fill by running script —,— fill by running script —,— fill by running script —,— fill by running script —,— fill by running script —,— fill by running script —,— fill by running script —,— fill by running script —,— fill by running script —,— fill by running script —,— fill by running script —,— fill by running script —,— fill by running script —,28.83,-1.81,6496998.0,1.03,0.0,315.0,14.8,0.76,330.0,Neutral / Stand Aside,2026-09-01 22:18,11.19,390.5,304.05,-19.49,3.4,7.29,1.05,18.42,5.17,192.0,27.41
28,L&T Finance Ltd,NBFC / Financial Services,Mid Cap,Broader Nifty universe (Next50/Midcap150/Smallcap) — verify at niftyindices.com,Medium-High,High,Both / Depends on IV,"Volatility swings meaningfully with news/results and business cycle: rich premium can suit selling when IV is elevated, but sizing and strike distance should widen versus low-vol names; also workable for directional buying around clear catalysts.","Cost of funds, RBI/NBFC regulatory tightening, asset quality, credit growth cycle","Bajaj Finance Ltd, Bajaj Finserv Ltd, Shriram Finance Ltd",— fill from your chart —,— fill from your chart —,— fill from your chart —,— fill from your chart —,— fill from your chart —,—,—,—,—,,— fill by running script —,— fill by running script —,— fill by running script —,— fill by running script —,— fill by running script —,— fill by running script —,— fill by running script —,— fill by running script —,— fill by running script —,— fill by running script —,— fill by running script —,— fill by running script —,— fill by running script —,— fill by running script —,— fill by running script —,— fill by running script —,— fill by running script —,45.86,-0.69,9359609.0,2.04,0.0,310.0,19.6,1.06,315.0,Neutral / Stand Aside,2026-09-01 22:18,11.19,338.6,220.45,-8.62,40.35,9.58,1.58,5.79,24.37,87.0,28.51
29,Aditya Birla Capital Ltd,NBFC / Financial Services,Mid Cap,Broader Nifty universe (Next50/Midcap150/Smallcap) — verify at niftyindices.com,Medium-High,High,Both / Depends on IV,"Volatility swings meaningfully with news/results and business cycle: rich premium can suit selling when IV is elevated, but sizing and strike distance should widen versus low-vol names; also workable for directional buying around clear catalysts.","Cost of funds, RBI/NBFC regulatory tightening, asset quality, credit growth cycle","Bajaj Finance Ltd, Bajaj Finserv Ltd, Shriram Finance Ltd",— fill from your chart —,— fill from your chart —,— fill from your chart —,— fill from your chart —,— fill from your chart —,—,—,—,—,,— fill by running script —,— fill by running script —,— fill by running script —,— fill by running script —,— fill by running script —,— fill by running script —,— fill by running script —,— fill by running script —,— fill by running script —,— fill by running script —,— fill by running script —,— fill by running script —,— fill by running script —,— fill by running script —,— fill by running script —,— fill by running script —,— fill by running script —,40.94,-1.61,2580254.0,0.85,0.0,390.0,21.15,1.05,400.0,Option Seller: Short Strangle / Iron Condor,2026-09-01 22:18,11.19,430.7,272.7,-9.04,43.66,9.03,0.37,8.83,25.48,,30.04
30,Jio Financial Services Ltd,NBFC / Financial Services,Large Cap,Nifty 50,Medium-High,High,Both / Depends on IV,"Volatility swings meaningfully with news/results and business cycle: rich premium can suit selling when IV is elevated, but sizing and strike distance should widen versus low-vol names; also workable for directional buying around clear catalysts.","Cost of funds, RBI/NBFC regulatory tightening, asset quality, credit growth cycle","Bajaj Finance Ltd, Bajaj Finserv Ltd, Shriram Finance Ltd",— fill from your chart —,— fill from your chart —,— fill from your chart —,— fill from your chart —,— fill from your chart —,—,—,—,—,,— fill by running script —,— fill by running script —,— fill by running script —,— fill by running script —,— fill by running script —,— fill by running script —,— fill by running script —,— fill by running script —,— fill by running script —,— fill by running script —,— fill by running script —,— fill by running script —,— fill by running script —,— fill by running script —,— fill by running script —,— fill by running script —,— fill by running script —,38.05,-1.66,10397855.0,0.81,0.0,235.0,12.55,0.64,245.0,Neutral / Stand Aside,2026-09-01 22:18,11.19,321.6,223.3,-26.74,5.51,4.61,0.25,13.84,73.47,25.0,27.41
31,PB Fintech Ltd,NBFC / Financial Services,Mid Cap,Broader Nifty universe (Next50/Midcap150/Smallcap) — verify at niftyindices.com,Medium-High,High,Both / Depends on IV,"Volatility swings meaningfully with news/results and business cycle: rich premium can suit selling when IV is elevated, but sizing and strike distance should widen versus low-vol names; also workable for directional buying around clear catalysts.","Cost of funds, RBI/NBFC regulatory tightening, asset quality, credit growth cycle","Bajaj Finance Ltd, Bajaj Finserv Ltd, Shriram Finance Ltd",— fill from your chart —,— fill from your chart —,— fill from your chart —,— fill from your chart —,— fill from your chart —,—,—,—,—,,— fill by running script —,— fill by running script —,— fill by running script —,— fill by running script —,— fill by running script —,— fill by running script —,— fill by running script —,— fill by running script —,— fill by running script —,— fill by running script —,— fill by running script —,— fill by running script —,— fill by running script —,— fill by running script —,— fill by running script —,— fill by running script —,— fill by running script —,63.09,5.85,1724303.0,1.24,0.0,1820.0,109.4,1.0,1820.0,Neutral / Stand Aside,2026-09-01 22:18,11.19,1974.0,1364.0,-7.5,33.87,46.49,13.56,2.68,113.4,,29.73
32,Indian Railway Finance Corp Ltd,NBFC / Financial Services,Large Cap,Broader Nifty universe (Next50/Midcap150/Smallcap) — verify at niftyindices.com,High,Very High,Buying (Directional),"High to very high volatility, often driven by news flow, ownership/regulatory triggers, or a still-unprofitable/early business model: sudden large moves and gap risk make naked OTM selling dangerous; a long option (defined max loss) fits this profile better than premium selling.","Cost of funds, RBI/NBFC regulatory tightening, asset quality, credit growth cycle","Bajaj Finance Ltd, Bajaj Finserv Ltd, Shriram Finance Ltd",— fill from your chart —,— fill from your chart —,— fill from your chart —,— fill from your chart —,— fill from your chart —,—,—,—,—,,— fill by running script —,— fill by running script —,— fill by running script —,— fill by running script —,— fill by running script —,— fill by running script —,— fill by running script —,— fill by running script —,— fill by running script —,— fill by running script —,— fill by running script —,— fill by running script —,— fill by running script —,— fill by running script —,— fill by running script —,— fill by running script —,— fill by running script —,25.44,-0.3,7766605.0,1.14,0.0,82.0,4.28,0.74,88.0,Neutral / Stand Aside,2026-09-01 22:18,11.19,137.17,82.16,-39.91,0.33,1.42,0.33,9.89,15.03,346.0,13.58
33,SBI Cards & Payment Services Ltd,NBFC / Financial Services,Mid Cap,Broader Nifty universe (Next50/Midcap150/Smallcap) — verify at niftyindices.com,Medium-High,High,Both / Depends on IV,"Volatility swings meaningfully with news/results and business cycle: rich premium can suit selling when IV is elevated, but sizing and strike distance should widen versus low-vol names; also workable for directional buying around clear catalysts.","Cost of funds, RBI/NBFC regulatory tightening, asset quality, credit growth cycle","Bajaj Finance Ltd, Bajaj Finserv Ltd, Shriram Finance Ltd",— fill from your chart —,— fill from your chart —,— fill from your chart —,— fill from your chart —,— fill from your chart —,—,—,—,—,,— fill by running script —,— fill by running script —,— fill by running script —,— fill by running script —,— fill by running script —,— fill by running script —,— fill by running script —,— fill by running script —,— fill by running script —,— fill by running script —,— fill by running script —,— fill by running script —,— fill by running script —,— fill by running script —,— fill by running script —,— fill by running script —,— fill by running script —,45.22,-1.63,3438291.0,1.08,0.0,630.0,35.1,0.8,650.0,Neutral / Stand Aside,2026-09-01 22:18,11.19,965.0,565.45,-34.5,11.78,19.82,3.49,6.13,26.44,39.0,28.01
34,HDFC Asset Management Co Ltd,NBFC / Financial Services,Mid Cap,Broader Nifty universe (Next50/Midcap150/Smallcap) — verify at niftyindices.com,Medium-High,High,Both / Depends on IV,"Volatility swings meaningfully with news/results and business cycle: rich premium can suit selling when IV is elevated, but sizing and strike distance should widen versus low-vol names; also workable for directional buying around clear catalysts.","Cost of funds, RBI/NBFC regulatory tightening, asset quality, credit growth cycle","Bajaj Finance Ltd, Bajaj Finserv Ltd, Shriram Finance Ltd",— fill from your chart —,— fill from your chart —,— fill from your chart —,— fill from your chart —,— fill from your chart —,—,—,—,—,,— fill by running script —,— fill by running script —,— fill by running script —,— fill by running script —,— fill by running script —,— fill by running script —,— fill by running script —,— fill by running script —,— fill by running script —,— fill by running script —,— fill by running script —,— fill by running script —,— fill by running script —,— fill by running script —,— fill by running script —,— fill by running script —,— fill by running script —,45.45,3.33,936933.0,1.12,0.0,2550.0,128.4,0.77,2600.0,Neutral / Stand Aside,2026-09-01 22:18,11.19,2967.25,2205.6,-14.46,15.08,61.81,2.68,6.3,37.18,210.0,25.38
35,Max Financial Services Ltd,NBFC / Financial Services,Mid Cap,Broader Nifty universe (Next50/Midcap150/Smallcap) — verify at niftyindices.com,Medium-High,High,Both / Depends on IV,"Volatility swings meaningfully with news/results and business cycle: rich premium can suit selling when IV is elevated, but sizing and strike distance should widen versus low-vol names; also workable for directional buying around clear catalysts.","Cost of funds, RBI/NBFC regulatory tightening, asset quality, credit growth cycle","Bajaj Finance Ltd, Bajaj Finserv Ltd, Shriram Finance Ltd",— fill from your chart —,— fill from your chart —,— fill from your chart —,— fill from your chart —,— fill from your chart —,—,—,—,—,,— fill by running script —,— fill by running script —,— fill by running script —,— fill by running script —,— fill by running script —,— fill by running script —,— fill by running script —,— fill by running script —,— fill by running script —,— fill by running script —,— fill by running script —,— fill by running script —,— fill by running script —,— fill by running script —,— fill by running script —,— fill by running script —,— fill by running script —,43.86,0.53,302535.0,0.4,0.0,1520.0,136.6,0.59,1580.0,Option Seller: Short Strangle / Iron Condor,2026-09-01 22:18,11.19,1892.5,1433.6,-19.42,6.38,36.54,3.77,5.24,487.21,,22.08
36,SBI Life Insurance Co Ltd,Insurance,Large Cap,Nifty 50,Medium,High,Selling (Premium),"Moderate, fairly range-bound volatility with strong liquidity: premium is reasonable and strikes can be placed with decent margin of safety; still check IV before results/events.","IRDAI regulatory changes, VNB margins, product mix, bond yields","HDFC Life Insurance Co Ltd, ICICI Prudential Life Insurance Co Ltd, ICICI Lombard General Insurance Co Ltd",— fill from your chart —,— fill from your chart —,— fill from your chart —,— fill from your chart —,— fill from your chart —,—,—,—,—,,— fill by running script —,— fill by running script —,— fill by running script —,— fill by running script —,— fill by running script —,— fill by running script —,— fill by running script —,— fill by running script —,— fill by running script —,— fill by running script —,— fill by running script —,— fill by running script —,— fill by running script —,— fill by running script —,— fill by running script —,— fill by running script —,— fill by running script —,33.67,-5.84,624181.0,0.76,0.0,1740.0,74.2,0.51,1780.0,Neutral / Stand Aside,2026-09-01 22:18,11.19,2132.0,1700.4,-18.24,2.51,29.39,0.83,9.57,67.08,16.0,14.81
37,HDFC Life Insurance Co Ltd,Insurance,Large Cap,Nifty 50,Medium,High,Selling (Premium),"Moderate, fairly range-bound volatility with strong liquidity: premium is reasonable and strikes can be placed with decent margin of safety; still check IV before results/events.","IRDAI regulatory changes, VNB margins, product mix, bond yields","SBI Life Insurance Co Ltd, ICICI Prudential Life Insurance Co Ltd, ICICI Lombard General Insurance Co Ltd",— fill from your chart —,— fill from your chart —,— fill from your chart —,— fill from your chart —,— fill from your chart —,—,—,—,—,,— fill by running script —,— fill by running script —,— fill by running script —,— fill by running script —,— fill by running script —,— fill by running script —,— fill by running script —,— fill by running script —,— fill by running script —,— fill by running script —,— fill by running script —,— fill by running script —,— fill by running script —,— fill by running script —,— fill by running script —,— fill by running script —,— fill by running script —,44.25,1.04,3064468.0,1.09,0.0,540.0,23.3,0.75,550.0,Neutral / Stand Aside,2026-09-01 22:18,11.19,803.0,530.5,-32.65,1.95,8.85,1.81,4.19,59.18,38.0,17.82
38,ICICI Prudential Life Insurance Co Ltd,Insurance,Large Cap,Broader Nifty universe (Next50/Midcap150/Smallcap) — verify at niftyindices.com,Medium,High,Selling (Premium),"Moderate, fairly range-bound volatility with strong liquidity: premium is reasonable and strikes can be placed with decent margin of safety; still check IV before results/events.","IRDAI regulatory changes, VNB margins, product mix, bond yields","SBI Life Insurance Co Ltd, HDFC Life Insurance Co Ltd, ICICI Lombard General Insurance Co Ltd",— fill from your chart —,— fill from your chart —,— fill from your chart —,— fill from your chart —,— fill from your chart —,—,—,—,—,,— fill by running script —,— fill by running script —,— fill by running script —,— fill by running script —,— fill by running script —,— fill by running script —,— fill by running script —,— fill by running script —,— fill by running script —,— fill by running script —,— fill by running script —,— fill by running script —,— fill by running script —,— fill by running script —,— fill by running script —,— fill by running script —,— fill by running script —,43.26,-0.55,2199838.0,1.6,0.0,495.0,24.55,0.89,510.0,Neutral / Stand Aside,2026-09-01 22:18,11.19,706.8,459.5,-29.9,7.83,12.09,0.9,6.1,42.6,32.0,21.22
39,ICICI Lombard General Insurance Co Ltd,Insurance,Large Cap,Broader Nifty universe (Next50/Midcap150/Smallcap) — verify at niftyindices.com,Medium,High,Selling (Premium),"Moderate, fairly range-bound volatility with strong liquidity: premium is reasonable and strikes can be placed with decent margin of safety; still check IV before results/events.","IRDAI regulatory changes, VNB margins, product mix, bond yields","SBI Life Insurance Co Ltd, HDFC Life Insurance Co Ltd, ICICI Prudential Life Insurance Co Ltd",— fill from your chart —,— fill from your chart —,— fill from your chart —,— fill from your chart —,— fill from your chart —,—,—,—,—,,— fill by running script —,— fill by running script —,— fill by running script —,— fill by running script —,— fill by running script —,— fill by running script —,— fill by running script —,— fill by running script —,— fill by running script —,— fill by running script —,— fill by running script —,— fill by running script —,— fill by running script —,— fill by running script —,— fill by running script —,— fill by running script —,— fill by running script —,32.61,-3.12,446492.0,0.42,0.0,1560.0,69.15,0.69,1600.0,Neutral / Stand Aside,2026-09-01 22:18,11.19,2064.9,1540.0,-24.2,1.63,24.79,1.6,13.16,32.36,89.0,21.54
40,Life Insurance Corporation of India,Insurance,Large Cap,Broader Nifty universe (Next50/Midcap150/Smallcap) — verify at niftyindices.com,Medium,High,Selling (Premium),"Moderate, fairly range-bound volatility with strong liquidity: premium is reasonable and strikes can be placed with decent margin of safety; still check IV before results/events.","IRDAI regulatory changes, VNB margins, product mix, bond yields","SBI Life Insurance Co Ltd, HDFC Life Insurance Co Ltd, ICICI Prudential Life Insurance Co Ltd",— fill from your chart —,— fill from your chart —,— fill from your chart —,— fill from your chart —,— fill from your chart —,—,—,—,—,,— fill by running script —,— fill by running script —,— fill by running script —,— fill by running script —,— fill by running script —,— fill by running script —,— fill by running script —,— fill by running script —,— fill by running script —,— fill by running script —,— fill by running script —,— fill by running script —,— fill by running script —,— fill by running script —,— fill by running script —,— fill by running script —,— fill by running script —,46.16,0.6,3609510.0,0.19,0.0,410.0,18.25,0.86,420.0,Option Seller: Short Strangle / Iron Condor,2026-09-01 22:18,11.19,468.48,360.75,-12.27,13.93,8.69,6.11,4.17,8.68,239.0,33.22
41,Multi Commodity Exchange of India Ltd,Capital Markets / Exchange,Mid Cap,Broader Nifty universe (Next50/Midcap150/Smallcap) — verify at niftyindices.com,High,High,Buying (Directional),"High to very high volatility, often driven by news flow, ownership/regulatory triggers, or a still-unprofitable/early business model: sudden large moves and gap risk make naked OTM selling dangerous; a long option (defined max loss) fits this profile better than premium selling.","Overall market volumes & volatility (their revenue driver), F&O/STT regulatory changes","Indian Energy Exchange Ltd, BSE Ltd, Central Depository Services (India) Ltd",— fill from your chart —,— fill from your chart —,— fill from your chart —,— fill from your chart —,— fill from your chart —,—,—,—,—,,— fill by running script —,— fill by running script —,— fill by running script —,— fill by running script —,— fill by running script —,— fill by running script —,— fill by running script —,— fill by running script —,— fill by running script —,— fill by running script —,— fill by running script —,— fill by running script —,— fill by running script —,— fill by running script —,— fill by running script —,— fill by running script —,— fill by running script —,64.88,31.81,1505861.0,0.51,0.0,3300.0,229.1,0.81,3200.0,Neutral / Stand Aside,2026-09-01 22:19,11.19,3480.0,1496.0,-5.09,120.79,103.62,22.33,2.94,54.58,24.0,36.28
42,Indian Energy Exchange Ltd,Capital Markets / Exchange,Mid Cap,Broader Nifty universe (Next50/Midcap150/Smallcap) — verify at niftyindices.com,High,High,Buying (Directional),"High to very high volatility, often driven by news flow, ownership/regulatory triggers, or a still-unprofitable/early business model: sudden large moves and gap risk make naked OTM selling dangerous; a long option (defined max loss) fits this profile better than premium selling.","Overall market volumes & volatility (their revenue driver), F&O/STT regulatory changes","Multi Commodity Exchange of India Ltd, BSE Ltd, Central Depository Services (India) Ltd",— fill from your chart —,— fill from your chart —,— fill from your chart —,— fill from your chart —,— fill from your chart —,—,—,—,—,,— fill by running script —,— fill by running script —,— fill by running script —,— fill by running script —,— fill by running script —,— fill by running script —,— fill by running script —,— fill by running script —,— fill by running script —,— fill by running script —,— fill by running script —,— fill by running script —,— fill by running script —,— fill by running script —,— fill by running script —,— fill by running script —,— fill by running script —,33.48,-0.64,2633916.0,1.16,0.0,120.0,6.68,0.7,125.0,Neutral / Stand Aside,2026-09-01 22:19,11.19,160.27,114.6,-25.75,3.84,1.81,0.17,10.04,20.91,332.0,22.33
43,BSE Ltd,Capital Markets / Exchange,Mid Cap,Broader Nifty universe (Next50/Midcap150/Smallcap) — verify at niftyindices.com,High,High,Buying (Directional),"High to very high volatility, often driven by news flow, ownership/regulatory triggers, or a still-unprofitable/early business model: sudden large moves and gap risk make naked OTM selling dangerous; a long option (defined max loss) fits this profile better than premium selling.","Overall market volumes & volatility (their revenue driver), F&O/STT regulatory changes","Multi Commodity Exchange of India Ltd, Indian Energy Exchange Ltd, Central Depository Services (India) Ltd",— fill from your chart —,— fill from your chart —,— fill from your chart —,— fill from your chart —,— fill from your chart —,—,—,—,—,,— fill by running script —,— fill by running script —,— fill by running script —,— fill by running script —,— fill by running script —,— fill by running script —,— fill by running script —,— fill by running script —,— fill by running script —,— fill by running script —,— fill by running script —,— fill by running script —,— fill by running script —,— fill by running script —,— fill by running script —,— fill by running script —,— fill by running script —,36.56,2.29,3137016.0,0.66,0.0,3200.0,238.4,0.62,3300.0,Neutral / Stand Aside,2026-09-01 22:19,11.19,4446.8,2021.5,-27.21,60.13,97.98,0.64,13.19,47.27,29.0,30.67
44,Central Depository Services (India) Ltd,Capital Markets / Exchange,Mid Cap,Broader Nifty universe (Next50/Midcap150/Smallcap) — verify at niftyindices.com,High,High,Buying (Directional),"High to very high volatility, often driven by news flow, ownership/regulatory triggers, or a still-unprofitable/early business model: sudden large moves and gap risk make naked OTM selling dangerous; a long option (defined max loss) fits this profile better than premium selling.","Overall market volumes & volatility (their revenue driver), F&O/STT regulatory changes","Multi Commodity Exchange of India Ltd, Indian Energy Exchange Ltd, BSE Ltd",— fill from your chart —,— fill from your chart —,— fill from your chart —,— fill from your chart —,— fill from your chart —,—,—,—,—,,— fill by running script —,— fill by running script —,— fill by running script —,— fill by running script —,— fill by running script —,— fill by running script —,— fill by running script —,— fill by running script —,— fill by running script —,— fill by running script —,— fill by running script —,— fill by running script —,— fill by running script —,— fill by running script —,— fill by running script —,— fill by running script —,— fill by running script —,55.57,4.58,743240.0,0.59,0.0,1400.0,79.7,0.69,1400.0,Option Seller: Short Strangle / Iron Condor,2026-09-01 22:19,11.19,1673.7,1116.3,-16.89,24.61,31.04,5.23,3.88,61.6,90.0,18.92
45,Tata Consultancy Services Ltd,IT / Technology,Large Cap,Nifty 50,Low-Medium,Very High,Selling (Premium),"Low/stable volatility + deep liquidity: OTM strikes are cheap to write but stay in a fairly predictable range, tight spreads make entry/exit efficient, and gap risk on results/news is comparatively low.","US/Europe IT budgets, INR-USD rate, US Fed policy & recession fears, large deal wins/losses","Infosys Ltd, Wipro Ltd, HCL Technologies Ltd",— fill from your chart —,— fill from your chart —,— fill from your chart —,— fill from your chart —,— fill from your chart —,—,—,—,—,,— fill by running script —,— fill by running script —,— fill by running script —,— fill by running script —,— fill by running script —,— fill by running script —,— fill by running script —,— fill by running script —,— fill by running script —,— fill by running script —,— fill by running script —,— fill by running script —,— fill by running script —,— fill by running script —,— fill by running script —,— fill by running script —,— fill by running script —,53.73,-1.67,2678034.0,0.98,0.0,2360.0,115.75,0.93,2340.0,Option Seller: Short Strangle / Iron Condor,2026-09-01 22:19,11.19,3350.0,1976.8,-29.68,19.17,54.17,4.75,4.98,17.2,271.0,33.47
46,Infosys Ltd,IT / Technology,Large Cap,Nifty 50,Low-Medium,Very High,Selling (Premium),"Low/stable volatility + deep liquidity: OTM strikes are cheap to write but stay in a fairly predictable range, tight spreads make entry/exit efficient, and gap risk on results/news is comparatively low.","US/Europe IT budgets, INR-USD rate, US Fed policy & recession fears, large deal wins/losses","Tata Consultancy Services Ltd, Wipro Ltd, HCL Technologies Ltd",— fill from your chart —,— fill from your chart —,— fill from your chart —,— fill from your chart —,— fill from your chart —,—,—,—,—,,— fill by running script —,— fill by running script —,— fill by running script —,— fill by running script —,— fill by running script —,— fill by running script —,— fill by running script —,— fill by running script —,— fill by running script —,— fill by running script —,— fill by running script —,— fill by running script —,— fill by running script —,— fill by running script —,— fill by running script —,— fill by running script —,— fill by running script —,53.63,-2.62,13516123.0,1.64,0.0,1140.0,64.35,0.72,1140.0,Neutral / Stand Aside,2026-09-01 22:19,11.19,1728.0,982.4,-33.59,16.82,25.42,3.52,4.13,14.97,441.0,29.73
47,Wipro Ltd,IT / Technology,Large Cap,Nifty 50,Medium,Very High,Selling (Premium),"Moderate, fairly range-bound volatility with strong liquidity: premium is reasonable and strikes can be placed with decent margin of safety; still check IV before results/events.","US/Europe IT budgets, INR-USD rate, US Fed policy & recession fears, large deal wins/losses","Tata Consultancy Services Ltd, Infosys Ltd, HCL Technologies Ltd",— fill from your chart —,— fill from your chart —,— fill from your chart —,— fill from your chart —,— fill from your chart —,—,—,—,—,,— fill by running script —,— fill by running script —,— fill by running script —,— fill by running script —,— fill by running script —,— fill by running script —,— fill by running script —,— fill by running script —,— fill by running script —,— fill by running script —,— fill by running script —,— fill by running script —,— fill by running script —,— fill by running script —,— fill by running script —,— fill by running script —,— fill by running script —,49.34,-0.11,6813425.0,0.87,0.0,180.0,8.87,0.79,180.0,Option Seller: Short Strangle / Iron Condor,2026-09-01 22:19,11.19,273.1,169.0,-33.77,7.02,3.65,2.6,4.24,14.43,434.0,20.14
48,HCL Technologies Ltd,IT / Technology,Large Cap,Nifty 50,Medium,Very High,Selling (Premium),"Moderate, fairly range-bound volatility with strong liquidity: premium is reasonable and strikes can be placed with decent margin of safety; still check IV before results/events.","US/Europe IT budgets, INR-USD rate, US Fed policy & recession fears, large deal wins/losses","Tata Consultancy Services Ltd, Infosys Ltd, Wipro Ltd",— fill from your chart —,— fill from your chart —,— fill from your chart —,— fill from your chart —,— fill from your chart —,—,—,—,—,,— fill by running script —,— fill by running script —,— fill by running script —,— fill by running script —,— fill by running script —,— fill by running script —,— fill by running script —,— fill by running script —,— fill by running script —,— fill by running script —,— fill by running script —,— fill by running script —,— fill by running script —,— fill by running script —,— fill by running script —,— fill by running script —,— fill by running script —,59.34,-5.63,4031856.0,2.04,0.0,1350.0,72.1,0.69,1330.0,Neutral / Stand Aside,2026-09-01 22:19,11.19,1780.1,1030.0,-24.04,31.27,30.56,5.33,2.05,21.02,457.0,23.61
49,Tech Mahindra Ltd,IT / Technology,Large Cap,Nifty 50,Medium,Very High,Selling (Premium),"Moderate, fairly range-bound volatility with strong liquidity: premium is reasonable and strikes can be placed with decent margin of safety; still check IV before results/events.","US/Europe IT budgets, INR-USD rate, US Fed policy & recession fears, large deal wins/losses","Tata Consultancy Services Ltd, Infosys Ltd, Wipro Ltd",— fill from your chart —,— fill from your chart —,— fill from your chart —,— fill from your chart —,— fill from your chart —,—,—,—,—,,— fill by running script —,— fill by running script —,— fill by running script —,— fill by running script —,— fill by running script —,— fill by running script —,— fill by running script —,— fill by running script —,— fill by running script —,— fill by running script —,— fill by running script —,— fill by running script —,— fill by running script —,— fill by running script —,— fill by running script —,— fill by running script —,— fill by running script —,59.48,-2.3,2412137.0,0.94,0.0,1640.0,81.8,0.93,1620.0,Option Seller: Short Strangle / Iron Condor,2026-09-01 22:19,11.19,1854.0,1304.1,-11.77,25.44,34.06,4.51,2.79,28.34,313.0,19.64
50,LTIMindtree Ltd,IT / Technology,Large Cap,Broader Nifty universe (Next50/Midcap150/Smallcap) — verify at niftyindices.com,Medium,High,Selling (Premium),"Moderate, fairly range-bound volatility with strong liquidity: premium is reasonable and strikes can be placed with decent margin of safety; still check IV before results/events.","US/Europe IT budgets, INR-USD rate, US Fed policy & recession fears, large deal wins/losses","Tata Consultancy Services Ltd, Infosys Ltd, Wipro Ltd",— fill from your chart —,— fill from your chart —,— fill from your chart —,— fill from your chart —,— fill from your chart —,—,—,—,—,,— fill by running script —,— fill by running script —,— fill by running script —,— fill by running script —,— fill by running script —,— fill by running script —,— fill by running script —,— fill by running script —,— fill by running script —,— fill by running script —,— fill by running script —,— fill by running script —,— fill by running script —,— fill by running script —,— fill by running script —,— fill by running script —,— fill by running script —,,,,,,,,,,,,,,,,,,,,,,
51,Mphasis Ltd,IT / Technology,Mid Cap,Broader Nifty universe (Next50/Midcap150/Smallcap) — verify at niftyindices.com,Medium,High,Selling (Premium),"Moderate, fairly range-bound volatility with strong liquidity: premium is reasonable and strikes can be placed with decent margin of safety; still check IV before results/events.","US/Europe IT budgets, INR-USD rate, US Fed policy & recession fears, large deal wins/losses","Tata Consultancy Services Ltd, Infosys Ltd, Wipro Ltd",— fill from your chart —,— fill from your chart —,— fill from your chart —,— fill from your chart —,— fill from your chart —,—,—,—,—,,— fill by running script —,— fill by running script —,— fill by running script —,— fill by running script —,— fill by running script —,— fill by running script —,— fill by running script —,— fill by running script —,— fill by running script —,— fill by running script —,— fill by running script —,— fill by running script —,— fill by running script —,— fill by running script —,— fill by running script —,— fill by running script —,— fill by running script —,59.64,-5.94,932222.0,2.11,0.0,2500.0,165.15,0.68,2450.0,Neutral / Stand Aside,2026-09-01 22:19,11.19,3037.2,2013.0,-17.48,24.5,62.37,4.84,2.02,25.05,255.0,31.83
52,Persistent Systems Ltd,IT / Technology,Mid Cap,Broader Nifty universe (Next50/Midcap150/Smallcap) — verify at niftyindices.com,Medium,High,Selling (Premium),"Moderate, fairly range-bound volatility with strong liquidity: premium is reasonable and strikes can be placed with decent margin of safety; still check IV before results/events.","US/Europe IT budgets, INR-USD rate, US Fed policy & recession fears, large deal wins/losses","Tata Consultancy Services Ltd, Infosys Ltd, Wipro Ltd",— fill from your chart —,— fill from your chart —,— fill from your chart —,— fill from your chart —,— fill from your chart —,—,—,—,—,,— fill by running script —,— fill by running script —,— fill by running script —,— fill by running script —,— fill by running script —,— fill by running script —,— fill by running script —,— fill by running script —,— fill by running script —,— fill by running script —,— fill by running script —,— fill by running script —,— fill by running script —,— fill by running script —,— fill by running script —,— fill by running script —,— fill by running script —,59.87,-2.85,592977.0,1.3,0.0,5800.0,363.45,0.69,5700.0,Neutral / Stand Aside,2026-09-01 22:19,11.19,6599.0,4244.5,-12.54,35.98,154.93,6.61,2.4,47.56,64.0,30.68
53,Coforge Ltd,IT / Technology,Mid Cap,Broader Nifty universe (Next50/Midcap150/Smallcap) — verify at niftyindices.com,Medium,High,Selling (Premium),"Moderate, fairly range-bound volatility with strong liquidity: premium is reasonable and strikes can be placed with decent margin of safety; still check IV before results/events.","US/Europe IT budgets, INR-USD rate, US Fed policy & recession fears, large deal wins/losses","Tata Consultancy Services Ltd, Infosys Ltd, Wipro Ltd",— fill from your chart —,— fill from your chart —,— fill from your chart —,— fill from your chart —,— fill from your chart —,—,—,—,—,,— fill by running script —,— fill by running script —,— fill by running script —,— fill by running script —,— fill by running script —,— fill by running script —,— fill by running script —,— fill by running script —,— fill by running script —,— fill by running script —,— fill by running script —,— fill by running script —,— fill by running script —,— fill by running script —,— fill by running script —,— fill by running script —,— fill by running script —,72.33,5.75,2055771.0,0.95,0.0,1980.0,118.65,0.86,1920.0,Neutral / Stand Aside,2026-09-01 22:19,11.19,2021.2,1008.1,-1.84,96.82,46.17,12.05,1.87,40.72,81.0,39.93
54,L&T Technology Services Ltd,IT / Technology,Mid Cap,Broader Nifty universe (Next50/Midcap150/Smallcap) — verify at niftyindices.com,Medium,High,Selling (Premium),"Moderate, fairly range-bound volatility with strong liquidity: premium is reasonable and strikes can be placed with decent margin of safety; still check IV before results/events.","US/Europe IT budgets, INR-USD rate, US Fed policy & recession fears, large deal wins/losses","Tata Consultancy Services Ltd, Infosys Ltd, Wipro Ltd",— fill from your chart —,— fill from your chart —,— fill from your chart —,— fill from your chart —,— fill from your chart —,—,—,—,—,,— fill by running script —,— fill by running script —,— fill by running script —,— fill by running script —,— fill by running script —,— fill by running script —,— fill by running script —,— fill by running script —,— fill by running script —,— fill by running script —,— fill by running script —,— fill by running script —,— fill by running script —,— fill by running script —,— fill by running script —,— fill by running script —,— fill by running script —,54.11,-5.93,36036.0,0.33,0.0,,,,,Option Seller: Short Strangle / Iron Condor,2026-09-01 22:19,11.19,4726.0,3010.0,-24.33,18.81,90.89,3.25,3.69,29.77,161.0,21.97
55,Oracle Financial Services Software Ltd,IT / Technology,Mid Cap,Broader Nifty universe (Next50/Midcap150/Smallcap) — verify at niftyindices.com,Medium,High,Selling (Premium),"Moderate, fairly range-bound volatility with strong liquidity: premium is reasonable and strikes can be placed with decent margin of safety; still check IV before results/events.","US/Europe IT budgets, INR-USD rate, US Fed policy & recession fears, large deal wins/losses","Tata Consultancy Services Ltd, Infosys Ltd, Wipro Ltd",— fill from your chart —,— fill from your chart —,— fill from your chart —,— fill from your chart —,— fill from your chart —,—,—,—,—,,— fill by running script —,— fill by running script —,— fill by running script —,— fill by running script —,— fill by running script —,— fill by running script —,— fill by running script —,— fill by running script —,— fill by running script —,— fill by running script —,— fill by running script —,— fill by running script —,— fill by running script —,— fill by running script —,— fill by running script —,— fill by running script —,— fill by running script —,58.62,31.0,208347.0,0.96,0.0,12100.0,814.1,0.71,12000.0,Option Seller: Short Strangle / Iron Condor,2026-09-01 22:19,11.19,12540.0,6234.5,-3.27,94.56,345.93,6.69,3.38,31.15,546.0,35.93
56,Birlasoft Ltd,IT / Technology,Mid Cap,Broader Nifty universe (Next50/Midcap150/Smallcap) — verify at niftyindices.com,Medium,High,Selling (Premium),"Moderate, fairly range-bound volatility with strong liquidity: premium is reasonable and strikes can be placed with decent margin of safety; still check IV before results/events.","US/Europe IT budgets, INR-USD rate, US Fed policy & recession fears, large deal wins/losses","Tata Consultancy Services Ltd, Infosys Ltd, Wipro Ltd",— fill from your chart —,— fill from your chart —,— fill from your chart —,— fill from your chart —,— fill from your chart —,—,—,—,—,,— fill by running script —,— fill by running script —,— fill by running script —,— fill by running script —,— fill by running script —,— fill by running script —,— fill by running script —,— fill by running script —,— fill by running script —,— fill by running script —,— fill by running script —,— fill by running script —,— fill by running script —,— fill by running script —,— fill by running script —,— fill by running script —,— fill by running script —,45.65,-1.96,1358901.0,1.19,0.0,,,,,Neutral / Stand Aside,2026-09-01 22:19,11.19,474.0,270.2,-37.55,9.55,9.69,2.96,11.82,14.49,216.0,35.12
57,Info Edge (India) Ltd,IT / Technology,Mid Cap,Broader Nifty universe (Next50/Midcap150/Smallcap) — verify at niftyindices.com,Medium,High,Selling (Premium),"Moderate, fairly range-bound volatility with strong liquidity: premium is reasonable and strikes can be placed with decent margin of safety; still check IV before results/events.","US/Europe IT budgets, INR-USD rate, US Fed policy & recession fears, large deal wins/losses","Tata Consultancy Services Ltd, Infosys Ltd, Wipro Ltd",— fill from your chart —,— fill from your chart —,— fill from your chart —,— fill from your chart —,— fill from your chart —,—,—,—,—,,— fill by running script —,— fill by running script —,— fill by running script —,— fill by running script —,— fill by running script —,— fill by running script —,— fill by running script —,— fill by running script —,— fill by running script —,— fill by running script —,— fill by running script —,— fill by running script —,— fill by running script —,— fill by running script —,— fill by running script —,— fill by running script —,— fill by running script —,60.89,-8.49,1564601.0,0.78,0.0,1360.0,71.35,0.39,1340.0,Neutral / Stand Aside,2026-09-01 22:19,11.19,1433.6,908.3,-5.24,49.57,33.08,10.0,2.39,54.94,106.0,33.92
58,Intellect Design Arena Ltd,IT / Technology,Mid Cap,Broader Nifty universe (Next50/Midcap150/Smallcap) — verify at niftyindices.com,High,Medium,Buying (Directional),"High to very high volatility, often driven by news flow, ownership/regulatory triggers, or a still-unprofitable/early business model: sudden large moves and gap risk make naked OTM selling dangerous; a long option (defined max loss) fits this profile better than premium selling.","US/Europe IT budgets, INR-USD rate, US Fed policy & recession fears, large deal wins/losses","Tata Consultancy Services Ltd, Infosys Ltd, Wipro Ltd",— fill from your chart —,— fill from your chart —,— fill from your chart —,— fill from your chart —,— fill from your chart —,—,—,—,—,,— fill by running script —,— fill by running script —,— fill by running script —,— fill by running script —,— fill by running script —,— fill by running script —,— fill by running script —,— fill by running script —,— fill by running script —,— fill by running script —,— fill by running script —,— fill by running script —,— fill by running script —,— fill by running script —,— fill by running script —,— fill by running script —,— fill by running script —,44.49,0.52,945906.0,3.13,0.0,,,,,Neutral / Stand Aside,2026-09-01 22:19,11.19,1244.6,595.2,-44.3,16.48,16.24,2.85,9.62,27.96,59.0,24.45
59,Tata Elxsi Ltd,IT / Technology,Mid Cap,Broader Nifty universe (Next50/Midcap150/Smallcap) — verify at niftyindices.com,Medium,High,Selling (Premium),"Moderate, fairly range-bound volatility with strong liquidity: premium is reasonable and strikes can be placed with decent margin of safety; still check IV before results/events.","US/Europe IT budgets, INR-USD rate, US Fed policy & recession fears, large deal wins/losses","Tata Consultancy Services Ltd, Infosys Ltd, Wipro Ltd",— fill from your chart —,— fill from your chart —,— fill from your chart —,— fill from your chart —,— fill from your chart —,—,—,—,—,,— fill by running script —,— fill by running script —,— fill by running script —,— fill by running script —,— fill by running script —,— fill by running script —,— fill by running script —,— fill by running script —,— fill by running script —,— fill by running script —,— fill by running script —,— fill by running script —,— fill by running script —,— fill by running script —,— fill by running script —,— fill by running script —,— fill by running script —,43.32,-9.34,169501.0,0.92,0.0,3600.0,235.2,0.59,3700.0,Option Seller: Short Strangle / Iron Condor,2026-09-01 22:19,11.19,5950.0,3353.9,-39.33,7.64,82.91,1.19,6.84,34.58,210.0,24.5
60,Sun Pharmaceutical Industries Ltd,Pharma / Healthcare,Large Cap,Nifty 50,Medium,Very High,Selling (Premium),"Moderate, fairly range-bound volatility with strong liquidity: premium is reasonable and strikes can be placed with decent margin of safety; still check IV before results/events.","US FDA approvals/inspections, US generic pricing, drug launches, currency","Dr Reddys Laboratories Ltd, Cipla Ltd, Lupin Ltd",— fill from your chart —,— fill from your chart —,— fill from your chart —,— fill from your chart —,— fill from your chart —,—,—,—,—,,— fill by running script —,— fill by running script —,— fill by running script —,— fill by running script —,— fill by running script —,— fill by running script —,— fill by running script —,— fill by running script —,— fill by running script —,— fill by running script —,— fill by running script —,— fill by running script —,— fill by running script —,— fill by running script —,— fill by running script —,— fill by running script —,— fill by running script —,50.29,2.71,3595272.0,2.12,0.0,1920.0,60.4,0.64,1920.0,Option Seller: Bear Call Spread (Call Overhang),2026-09-01 22:19,11.19,2046.9,1548.0,-5.86,24.48,35.99,3.05,3.0,38.27,81.0,18.7
61,Dr Reddys Laboratories Ltd,Pharma / Healthcare,Large Cap,Nifty 50,Medium-High,High,Both / Depends on IV,"Volatility swings meaningfully with news/results and business cycle: rich premium can suit selling when IV is elevated, but sizing and strike distance should widen versus low-vol names; also workable for directional buying around clear catalysts.","US FDA approvals/inspections, US generic pricing, drug launches, currency","Sun Pharmaceutical Industries Ltd, Cipla Ltd, Lupin Ltd",— fill from your chart —,— fill from your chart —,— fill from your chart —,— fill from your chart —,— fill from your chart —,—,—,—,—,,— fill by running script —,— fill by running script —,— fill by running script —,— fill by running script —,— fill by running script —,— fill by running script —,— fill by running script —,— fill by running script —,— fill by running script —,— fill by running script —,— fill by running script —,— fill by running script —,— fill by running script —,— fill by running script —,— fill by running script —,— fill by running script —,— fill by running script —,44.71,1.03,556259.0,0.34,0.0,1170.0,49.55,0.65,1190.0,Option Seller: Short Strangle / Iron Condor,2026-09-01 22:19,11.19,1414.9,1101.0,-17.17,6.45,19.61,1.5,3.08,29.49,68.0,20.25
62,Cipla Ltd,Pharma / Healthcare,Large Cap,Nifty 50,Medium-High,High,Both / Depends on IV,"Volatility swings meaningfully with news/results and business cycle: rich premium can suit selling when IV is elevated, but sizing and strike distance should widen versus low-vol names; also workable for directional buying around clear catalysts.","US FDA approvals/inspections, US generic pricing, drug launches, currency","Sun Pharmaceutical Industries Ltd, Dr Reddys Laboratories Ltd, Lupin Ltd",— fill from your chart —,— fill from your chart —,— fill from your chart —,— fill from your chart —,— fill from your chart —,—,—,—,—,,— fill by running script —,— fill by running script —,— fill by running script —,— fill by running script —,— fill by running script —,— fill by running script —,— fill by running script —,— fill by running script —,— fill by running script —,— fill by running script —,— fill by running script —,— fill by running script —,— fill by running script —,— fill by running script —,— fill by running script —,— fill by running script —,— fill by running script —,44.33,-3.85,880100.0,1.16,0.0,1420.0,56.3,0.66,1420.0,Neutral / Stand Aside,2026-09-01 22:19,11.19,1673.0,1165.7,-15.3,21.56,20.67,1.12,5.02,34.12,92.0,16.09
63,Lupin Ltd,Pharma / Healthcare,Mid Cap,Broader Nifty universe (Next50/Midcap150/Smallcap) — verify at niftyindices.com,Medium-High,High,Both / Depends on IV,"Volatility swings meaningfully with news/results and business cycle: rich premium can suit selling when IV is elevated, but sizing and strike distance should widen versus low-vol names; also workable for directional buying around clear catalysts.","US FDA approvals/inspections, US generic pricing, drug launches, currency","Sun Pharmaceutical Industries Ltd, Dr Reddys Laboratories Ltd, Cipla Ltd",— fill from your chart —,— fill from your chart —,— fill from your chart —,— fill from your chart —,— fill from your chart —,—,—,—,—,,— fill by running script —,— fill by running script —,— fill by running script —,— fill by running script —,— fill by running script —,— fill by running script —,— fill by running script —,— fill by running script —,— fill by running script —,— fill by running script —,— fill by running script —,— fill by running script —,— fill by running script —,— fill by running script —,— fill by running script —,— fill by running script —,— fill by running script —,29.17,-3.88,1298356.0,1.23,0.0,2140.0,96.5,0.67,2200.0,Neutral / Stand Aside,2026-09-01 22:19,11.19,2529.5,1875.0,-15.28,14.29,37.74,0.25,13.29,17.82,82.0,20.0
64,Aurobindo Pharma Ltd,Pharma / Healthcare,Mid Cap,Broader Nifty universe (Next50/Midcap150/Smallcap) — verify at niftyindices.com,Medium-High,High,Both / Depends on IV,"Volatility swings meaningfully with news/results and business cycle: rich premium can suit selling when IV is elevated, but sizing and strike distance should widen versus low-vol names; also workable for directional buying around clear catalysts.","US FDA approvals/inspections, US generic pricing, drug launches, currency","Sun Pharmaceutical Industries Ltd, Dr Reddys Laboratories Ltd, Cipla Ltd",— fill from your chart —,— fill from your chart —,— fill from your chart —,— fill from your chart —,— fill from your chart —,—,—,—,—,,— fill by running script —,— fill by running script —,— fill by running script —,— fill by running script —,— fill by running script —,— fill by running script —,— fill by running script —,— fill by running script —,— fill by running script —,— fill by running script —,— fill by running script —,— fill by running script —,— fill by running script —,— fill by running script —,— fill by running script —,— fill by running script —,— fill by running script —,60.16,3.24,608791.0,0.64,0.0,1680.0,89.2,0.43,1620.0,Neutral / Stand Aside,2026-09-01 22:19,11.19,1717.0,1016.2,-2.24,65.18,35.85,6.65,2.29,26.29,24.0,27.16
65,Zydus Lifesciences Ltd,Pharma / Healthcare,Mid Cap,Broader Nifty universe (Next50/Midcap150/Smallcap) — verify at niftyindices.com,Medium-High,High,Both / Depends on IV,"Volatility swings meaningfully with news/results and business cycle: rich premium can suit selling when IV is elevated, but sizing and strike distance should widen versus low-vol names; also workable for directional buying around clear catalysts.","US FDA approvals/inspections, US generic pricing, drug launches, currency","Sun Pharmaceutical Industries Ltd, Dr Reddys Laboratories Ltd, Cipla Ltd",— fill from your chart —,— fill from your chart —,— fill from your chart —,— fill from your chart —,— fill from your chart —,—,—,—,—,,— fill by running script —,— fill by running script —,— fill by running script —,— fill by running script —,— fill by running script —,— fill by running script —,— fill by running script —,— fill by running script —,— fill by running script —,— fill by running script —,— fill by running script —,— fill by running script —,— fill by running script —,— fill by running script —,— fill by running script —,— fill by running script —,— fill by running script —,55.66,4.09,1070386.0,0.61,0.0,1160.0,61.15,0.57,1150.0,Option Seller: Short Strangle / Iron Condor,2026-09-01 22:19,11.19,1205.0,835.5,-3.45,39.25,30.89,6.09,3.58,26.05,8.0,30.13
66,Divis Laboratories Ltd,Pharma / Healthcare,Large Cap,Broader Nifty universe (Next50/Midcap150/Smallcap) — verify at niftyindices.com,Medium-High,High,Both / Depends on IV,"Volatility swings meaningfully with news/results and business cycle: rich premium can suit selling when IV is elevated, but sizing and strike distance should widen versus low-vol names; also workable for directional buying around clear catalysts.","US FDA approvals/inspections, US generic pricing, drug launches, currency","Sun Pharmaceutical Industries Ltd, Dr Reddys Laboratories Ltd, Cipla Ltd",— fill from your chart —,— fill from your chart —,— fill from your chart —,— fill from your chart —,— fill from your chart —,—,—,—,—,,— fill by running script —,— fill by running script —,— fill by running script —,— fill by running script —,— fill by running script —,— fill by running script —,— fill by running script —,— fill by running script —,— fill by running script —,— fill by running script —,— fill by running script —,— fill by running script —,— fill by running script —,— fill by running script —,— fill by running script —,— fill by running script —,— fill by running script —,69.52,28.03,485620.0,1.17,0.0,9200.0,397.65,0.94,9000.0,Neutral / Stand Aside,2026-09-01 22:19,11.19,9467.0,5636.5,-3.31,62.4,183.14,10.05,3.42,94.92,32.0,32.86
67,Torrent Pharmaceuticals Ltd,Pharma / Healthcare,Mid Cap,Broader Nifty universe (Next50/Midcap150/Smallcap) — verify at niftyindices.com,Medium-High,High,Both / Depends on IV,"Volatility swings meaningfully with news/results and business cycle: rich premium can suit selling when IV is elevated, but sizing and strike distance should widen versus low-vol names; also workable for directional buying around clear catalysts.","US FDA approvals/inspections, US generic pricing, drug launches, currency","Sun Pharmaceutical Industries Ltd, Dr Reddys Laboratories Ltd, Cipla Ltd",— fill from your chart —,— fill from your chart —,— fill from your chart —,— fill from your chart —,— fill from your chart —,—,—,—,—,,— fill by running script —,— fill by running script —,— fill by running script —,— fill by running script —,— fill by running script —,— fill by running script —,— fill by running script —,— fill by running script —,— fill by running script —,— fill by running script —,— fill by running script —,— fill by running script —,— fill by running script —,— fill by running script —,— fill by running script —,— fill by running script —,— fill by running script —,52.55,3.52,204694.0,0.59,0.0,5000.0,210.55,0.65,4900.0,Option Seller: Bear Call Spread (Call Overhang),2026-09-01 22:19,11.19,5250.0,3480.6,-5.21,42.98,104.07,3.27,1.85,79.04,75.0,23.77
68,Glenmark Pharmaceuticals Ltd,Pharma / Healthcare,Mid Cap,Broader Nifty universe (Next50/Midcap150/Smallcap) — verify at niftyindices.com,Medium-High,High,Both / Depends on IV,"Volatility swings meaningfully with news/results and business cycle: rich premium can suit selling when IV is elevated, but sizing and strike distance should widen versus low-vol names; also workable for directional buying around clear catalysts.","US FDA approvals/inspections, US generic pricing, drug launches, currency","Sun Pharmaceutical Industries Ltd, Dr Reddys Laboratories Ltd, Cipla Ltd",— fill from your chart —,— fill from your chart —,— fill from your chart —,— fill from your chart —,— fill from your chart —,—,—,—,—,,— fill by running script —,— fill by running script —,— fill by running script —,— fill by running script —,— fill by running script —,— fill by running script —,— fill by running script —,— fill by running script —,— fill by running script —,— fill by running script —,— fill by running script —,— fill by running script —,— fill by running script —,— fill by running script —,— fill by running script —,— fill by running script —,— fill by running script —,63.75,15.75,679565.0,1.3,0.0,2460.0,129.15,0.7,2400.0,Neutral / Stand Aside,2026-09-01 22:19,11.19,2537.6,1792.6,-3.26,36.95,61.6,10.3,3.36,38.76,30.0,26.16
69,Biocon Ltd,Pharma / Healthcare,Mid Cap,Broader Nifty universe (Next50/Midcap150/Smallcap) — verify at niftyindices.com,Medium-High,High,Both / Depends on IV,"Volatility swings meaningfully with news/results and business cycle: rich premium can suit selling when IV is elevated, but sizing and strike distance should widen versus low-vol names; also workable for directional buying around clear catalysts.","US FDA approvals/inspections, US generic pricing, drug launches, currency","Sun Pharmaceutical Industries Ltd, Dr Reddys Laboratories Ltd, Cipla Ltd",— fill from your chart —,— fill from your chart —,— fill from your chart —,— fill from your chart —,— fill from your chart —,—,—,—,—,,— fill by running script —,— fill by running script —,— fill by running script —,— fill by running script —,— fill by running script —,— fill by running script —,— fill by running script —,— fill by running script —,— fill by running script —,— fill by running script —,— fill by running script —,— fill by running script —,— fill by running script —,— fill by running script —,— fill by running script —,— fill by running script —,— fill by running script —,35.92,-1.16,2120745.0,0.66,0.0,400.0,19.2,0.67,415.0,Neutral / Stand Aside,2026-09-01 22:19,11.19,447.15,337.05,-10.13,19.23,8.03,0.37,10.12,117.27,12.0,18.57
70,Laurus Labs Ltd,Pharma / Healthcare,Mid Cap,Broader Nifty universe (Next50/Midcap150/Smallcap) — verify at niftyindices.com,Medium-High,High,Both / Depends on IV,"Volatility swings meaningfully with news/results and business cycle: rich premium can suit selling when IV is elevated, but sizing and strike distance should widen versus low-vol names; also workable for directional buying around clear catalysts.","US FDA approvals/inspections, US generic pricing, drug launches, currency","Sun Pharmaceutical Industries Ltd, Dr Reddys Laboratories Ltd, Cipla Ltd",— fill from your chart —,— fill from your chart —,— fill from your chart —,— fill from your chart —,— fill from your chart —,—,—,—,—,,— fill by running script —,— fill by running script —,— fill by running script —,— fill by running script —,— fill by running script —,— fill by running script —,— fill by running script —,— fill by running script —,— fill by running script —,— fill by running script —,— fill by running script —,— fill by running script —,— fill by running script —,— fill by running script —,— fill by running script —,— fill by running script —,— fill by running script —,57.94,-4.23,3530385.0,1.0,0.0,1860.0,92.85,0.58,1840.0,Neutral / Stand Aside,2026-09-01 22:19,11.19,1949.0,823.1,-4.72,125.61,48.68,4.72,4.95,91.7,12.0,30.93
71,Granules India Ltd,Pharma / Healthcare,Mid Cap,Broader Nifty universe (Next50/Midcap150/Smallcap) — verify at niftyindices.com,Medium-High,High,Both / Depends on IV,"Volatility swings meaningfully with news/results and business cycle: rich premium can suit selling when IV is elevated, but sizing and strike distance should widen versus low-vol names; also workable for directional buying around clear catalysts.","US FDA approvals/inspections, US generic pricing, drug launches, currency","Sun Pharmaceutical Industries Ltd, Dr Reddys Laboratories Ltd, Cipla Ltd",— fill from your chart —,— fill from your chart —,— fill from your chart —,— fill from your chart —,— fill from your chart —,—,—,—,—,,— fill by running script —,— fill by running script —,— fill by running script —,— fill by running script —,— fill by running script —,— fill by running script —,— fill by running script —,— fill by running script —,— fill by running script —,— fill by running script —,— fill by running script —,— fill by running script —,— fill by running script —,— fill by running script —,— fill by running script —,— fill by running script —,— fill by running script —,47.6,-2.9,346212.0,0.65,0.0,,,,,Option Seller: Short Strangle / Iron Condor,2026-09-01 22:19,11.19,910.0,503.6,-7.91,66.4,21.94,1.93,5.37,31.09,21.0,24.34
72,Alkem Laboratories Ltd,Pharma / Healthcare,Mid Cap,Broader Nifty universe (Next50/Midcap150/Smallcap) — verify at niftyindices.com,Medium-High,High,Both / Depends on IV,"Volatility swings meaningfully with news/results and business cycle: rich premium can suit selling when IV is elevated, but sizing and strike distance should widen versus low-vol names; also workable for directional buying around clear catalysts.","US FDA approvals/inspections, US generic pricing, drug launches, currency","Sun Pharmaceutical Industries Ltd, Dr Reddys Laboratories Ltd, Cipla Ltd",— fill from your chart —,— fill from your chart —,— fill from your chart —,— fill from your chart —,— fill from your chart —,—,—,—,—,,— fill by running script —,— fill by running script —,— fill by running script —,— fill by running script —,— fill by running script —,— fill by running script —,— fill by running script —,— fill by running script —,— fill by running script —,— fill by running script —,— fill by running script —,— fill by running script —,— fill by running script —,— fill by running script —,— fill by running script —,— fill by running script —,— fill by running script —,37.57,-10.71,88288.0,0.67,0.0,5300.0,218.25,0.61,5350.0,Neutral / Stand Aside,2026-09-01 22:19,11.19,5933.5,5075.0,-10.68,4.43,106.5,2.36,7.55,29.34,38.0,17.3
73,Syngene International Ltd,Pharma / Healthcare,Mid Cap,Broader Nifty universe (Next50/Midcap150/Smallcap) — verify at niftyindices.com,Medium,Medium,Both / Depends on IV,Volatility and liquidity are middling: workable either way depending on the specific IV level and view at the time; no strong structural edge either way.,"US FDA approvals/inspections, US generic pricing, drug launches, currency","Sun Pharmaceutical Industries Ltd, Dr Reddys Laboratories Ltd, Cipla Ltd",— fill from your chart —,— fill from your chart —,— fill from your chart —,— fill from your chart —,— fill from your chart —,—,—,—,—,,— fill by running script —,— fill by running script —,— fill by running script —,— fill by running script —,— fill by running script —,— fill by running script —,— fill by running script —,— fill by running script —,— fill by running script —,— fill by running script —,— fill by running script —,— fill by running script —,— fill by running script —,— fill by running script —,— fill by running script —,— fill by running script —,— fill by running script —,46.35,0.89,632620.0,0.86,0.0,,,,,Option Seller: Short Strangle / Iron Condor,2026-09-01 22:19,11.19,678.95,375.25,-40.83,7.06,10.09,2.09,4.42,73.23,31.0,28.72
74,Apollo Hospitals Enterprise Ltd,Pharma / Healthcare,Large Cap,Nifty 50,Medium-High,High,Both / Depends on IV,"Volatility swings meaningfully with news/results and business cycle: rich premium can suit selling when IV is elevated, but sizing and strike distance should widen versus low-vol names; also workable for directional buying around clear catalysts.","US FDA approvals/inspections, US generic pricing, drug launches, currency","Sun Pharmaceutical Industries Ltd, Dr Reddys Laboratories Ltd, Cipla Ltd",— fill from your chart —,— fill from your chart —,— fill from your chart —,— fill from your chart —,— fill from your chart —,—,—,—,—,,— fill by running script —,— fill by running script —,— fill by running script —,— fill by running script —,— fill by running script —,— fill by running script —,— fill by running script —,— fill by running script —,— fill by running script —,— fill by running script —,— fill by running script —,— fill by running script —,— fill by running script —,— fill by running script —,— fill by running script —,— fill by running script —,— fill by running script —,46.84,-1.55,153262.0,0.37,0.0,8700.0,324.2,0.77,8800.0,Option Seller: Short Strangle / Iron Condor,2026-09-01 22:19,11.19,9050.0,6696.5,-3.51,30.4,158.11,2.57,3.24,60.36,23.0,20.23
75,Max Healthcare Institute Ltd,Pharma / Healthcare,Mid Cap,Broader Nifty universe (Next50/Midcap150/Smallcap) — verify at niftyindices.com,Medium-High,High,Both / Depends on IV,"Volatility swings meaningfully with news/results and business cycle: rich premium can suit selling when IV is elevated, but sizing and strike distance should widen versus low-vol names; also workable for directional buying around clear catalysts.","US FDA approvals/inspections, US generic pricing, drug launches, currency","Sun Pharmaceutical Industries Ltd, Dr Reddys Laboratories Ltd, Cipla Ltd",— fill from your chart —,— fill from your chart —,— fill from your chart —,— fill from your chart —,— fill from your chart —,—,—,—,—,,— fill by running script —,— fill by running script —,— fill by running script —,— fill by running script —,— fill by running script —,— fill by running script —,— fill by running script —,— fill by running script —,— fill by running script —,— fill by running script —,— fill by running script —,— fill by running script —,— fill by running script —,— fill by running script —,— fill by running script —,— fill by running script —,— fill by running script —,41.41,2.68,2829311.0,1.4,0.0,1000.0,49.25,0.77,1010.0,Neutral / Stand Aside,2026-09-01 22:19,11.19,1221.9,903.0,-17.91,11.07,28.14,2.26,8.37,67.32,19.0,25.92
76,Maruti Suzuki India Ltd,Auto & Auto Ancillary,Large Cap,Nifty 50,Medium,Very High,Selling (Premium),"Moderate, fairly range-bound volatility with strong liquidity: premium is reasonable and strikes can be placed with decent margin of safety; still check IV before results/events.","Monthly sales volumes, input costs (steel/rubber), EV transition news, rural demand/monsoon, rates","Tata Motors Ltd, Mahindra & Mahindra Ltd, Bajaj Auto Ltd",— fill from your chart —,— fill from your chart —,— fill from your chart —,— fill from your chart —,— fill from your chart —,—,—,—,—,,— fill by running script —,— fill by running script —,— fill by running script —,— fill by running script —,— fill by running script —,— fill by running script —,— fill by running script —,— fill by running script —,— fill by running script —,— fill by running script —,— fill by running script —,— fill by running script —,— fill by running script —,— fill by running script —,— fill by running script —,— fill by running script —,— fill by running script —,30.07,-76.72,915975.0,3.01,0.0,12900.0,570.25,0.45,13300.0,Option Buyer: Bearish Breakdown,2026-09-01 22:19,11.19,17370.0,12201.0,-25.62,5.89,226.57,0.53,10.29,28.37,103.0,19.33
77,Tata Motors Ltd,Auto & Auto Ancillary,Large Cap,Nifty 50,Medium-High,Very High,Both / Depends on IV,"Volatility swings meaningfully with news/results and business cycle: rich premium can suit selling when IV is elevated, but sizing and strike distance should widen versus low-vol names; also workable for directional buying around clear catalysts.","Monthly sales volumes, input costs (steel/rubber), EV transition news, rural demand/monsoon, rates","Maruti Suzuki India Ltd, Mahindra & Mahindra Ltd, Bajaj Auto Ltd",— fill from your chart —,— fill from your chart —,— fill from your chart —,— fill from your chart —,— fill from your chart —,—,—,—,—,,— fill by running script —,— fill by running script —,— fill by running script —,— fill by running script —,— fill by running script —,— fill by running script —,— fill by running script —,— fill by running script —,— fill by running script —,— fill by running script —,— fill by running script —,— fill by running script —,— fill by running script —,— fill by running script —,— fill by running script —,— fill by running script —,— fill by running script —,,,,,,,,,,,,,,,,,,,,,,
78,Mahindra & Mahindra Ltd,Auto & Auto Ancillary,Large Cap,Nifty 50,Medium,Very High,Selling (Premium),"Moderate, fairly range-bound volatility with strong liquidity: premium is reasonable and strikes can be placed with decent margin of safety; still check IV before results/events.","Monthly sales volumes, input costs (steel/rubber), EV transition news, rural demand/monsoon, rates","Maruti Suzuki India Ltd, Tata Motors Ltd, Bajaj Auto Ltd",— fill from your chart —,— fill from your chart —,— fill from your chart —,— fill from your chart —,— fill from your chart —,—,—,—,—,,— fill by running script —,— fill by running script —,— fill by running script —,— fill by running script —,— fill by running script —,— fill by running script —,— fill by running script —,— fill by running script —,— fill by running script —,— fill by running script —,— fill by running script —,— fill by running script —,— fill by running script —,— fill by running script —,— fill by running script —,— fill by running script —,— fill by running script —,39.86,-28.76,1887247.0,1.04,0.0,3250.0,160.35,0.54,3350.0,Neutral / Stand Aside,2026-09-01 22:19,11.19,3839.9,2896.0,-15.21,12.43,61.68,1.01,8.56,19.82,101.0,23.15
79,Bajaj Auto Ltd,Auto & Auto Ancillary,Large Cap,Nifty 50,Medium,High,Selling (Premium),"Moderate, fairly range-bound volatility with strong liquidity: premium is reasonable and strikes can be placed with decent margin of safety; still check IV before results/events.","Monthly sales volumes, input costs (steel/rubber), EV transition news, rural demand/monsoon, rates","Maruti Suzuki India Ltd, Tata Motors Ltd, Mahindra & Mahindra Ltd",— fill from your chart —,— fill from your chart —,— fill from your chart —,— fill from your chart —,— fill from your chart —,—,—,—,—,,— fill by running script —,— fill by running script —,— fill by running script —,— fill by running script —,— fill by running script —,— fill by running script —,— fill by running script —,— fill by running script —,— fill by running script —,— fill by running script —,— fill by running script —,— fill by running script —,— fill by running script —,— fill by running script —,— fill by running script —,— fill by running script —,— fill by running script —,72.64,5.82,495029.0,2.06,0.0,12300.0,512.15,1.01,12000.0,Option Buyer: Bullish Momentum Breakout,2026-09-01 22:19,11.19,12470.0,8491.5,-1.13,45.19,195.0,6.45,1.14,29.37,124.0,24.5
80,Hero MotoCorp Ltd,Auto & Auto Ancillary,Large Cap,Nifty 50,Medium,High,Selling (Premium),"Moderate, fairly range-bound volatility with strong liquidity: premium is reasonable and strikes can be placed with decent margin of safety; still check IV before results/events.","Monthly sales volumes, input costs (steel/rubber), EV transition news, rural demand/monsoon, rates","Maruti Suzuki India Ltd, Tata Motors Ltd, Mahindra & Mahindra Ltd",— fill from your chart —,— fill from your chart —,— fill from your chart —,— fill from your chart —,— fill from your chart —,—,—,—,—,,— fill by running script —,— fill by running script —,— fill by running script —,— fill by running script —,— fill by running script —,— fill by running script —,— fill by running script —,— fill by running script —,— fill by running script —,— fill by running script —,— fill by running script —,— fill by running script —,— fill by running script —,— fill by running script —,— fill by running script —,— fill by running script —,— fill by running script —,49.16,-55.91,1231011.0,1.9,0.0,5500.0,302.7,0.57,5600.0,Option Seller: Bear Call Spread (Call Overhang),2026-09-01 22:19,11.19,6388.5,4671.5,-13.59,18.17,110.39,1.28,7.54,20.43,330.0,27.49
81,TVS Motor Company Ltd,Auto & Auto Ancillary,Mid Cap,Broader Nifty universe (Next50/Midcap150/Smallcap) — verify at niftyindices.com,Medium,High,Selling (Premium),"Moderate, fairly range-bound volatility with strong liquidity: premium is reasonable and strikes can be placed with decent margin of safety; still check IV before results/events.","Monthly sales volumes, input costs (steel/rubber), EV transition news, rural demand/monsoon, rates","Maruti Suzuki India Ltd, Tata Motors Ltd, Mahindra & Mahindra Ltd",— fill from your chart —,— fill from your chart —,— fill from your chart —,— fill from your chart —,— fill from your chart —,—,—,—,—,,— fill by running script —,— fill by running script —,— fill by running script —,— fill by running script —,— fill by running script —,— fill by running script —,— fill by running script —,— fill by running script —,— fill by running script —,— fill by running script —,— fill by running script —,— fill by running script —,— fill by running script —,— fill by running script —,— fill by running script —,— fill by running script —,— fill by running script —,46.53,-42.56,1908970.0,2.06,0.0,4200.0,216.5,0.61,4300.0,Option Seller: Bear Call Spread (Call Overhang),2026-09-01 22:19,11.19,4484.5,3228.0,-6.34,30.11,99.01,1.86,6.77,58.32,28.0,26.47
82,Eicher Motors Ltd,Auto & Auto Ancillary,Large Cap,Nifty 50,Medium,High,Selling (Premium),"Moderate, fairly range-bound volatility with strong liquidity: premium is reasonable and strikes can be placed with decent margin of safety; still check IV before results/events.","Monthly sales volumes, input costs (steel/rubber), EV transition news, rural demand/monsoon, rates","Maruti Suzuki India Ltd, Tata Motors Ltd, Mahindra & Mahindra Ltd",— fill from your chart —,— fill from your chart —,— fill from your chart —,— fill from your chart —,— fill from your chart —,—,—,—,—,,— fill by running script —,— fill by running script —,— fill by running script —,— fill by running script —,— fill by running script —,— fill by running script —,— fill by running script —,— fill by running script —,— fill by running script —,— fill by running script —,— fill by running script —,— fill by running script —,— fill by running script —,— fill by running script —,— fill by running script —,— fill by running script —,— fill by running script —,50.13,-29.92,760133.0,2.04,0.0,7900.0,339.45,0.79,8000.0,Neutral / Stand Aside,2026-09-01 22:19,11.19,8230.0,6282.5,-3.58,26.3,114.54,0.95,2.9,37.96,102.0,15.39
83,Ashok Leyland Ltd,Auto & Auto Ancillary,Mid Cap,Broader Nifty universe (Next50/Midcap150/Smallcap) — verify at niftyindices.com,Medium,High,Selling (Premium),"Moderate, fairly range-bound volatility with strong liquidity: premium is reasonable and strikes can be placed with decent margin of safety; still check IV before results/events.","Monthly sales volumes, input costs (steel/rubber), EV transition news, rural demand/monsoon, rates","Maruti Suzuki India Ltd, Tata Motors Ltd, Mahindra & Mahindra Ltd",— fill from your chart —,— fill from your chart —,— fill from your chart —,— fill from your chart —,— fill from your chart —,—,—,—,—,,— fill by running script —,— fill by running script —,— fill by running script —,— fill by running script —,— fill by running script —,— fill by running script —,— fill by running script —,— fill by running script —,— fill by running script —,— fill by running script —,— fill by running script —,— fill by running script —,— fill by running script —,— fill by running script —,— fill by running script —,— fill by running script —,— fill by running script —,47.72,-0.9,16860146.0,1.02,0.0,170.0,10.3,0.65,175.0,Option Seller: Bear Call Spread (Call Overhang),2026-09-01 22:19,11.19,215.42,126.54,-21.08,34.34,4.54,0.86,7.47,28.81,199.0,31.32
84,Bharat Forge Ltd,Auto & Auto Ancillary,Mid Cap,Broader Nifty universe (Next50/Midcap150/Smallcap) — verify at niftyindices.com,Medium,High,Selling (Premium),"Moderate, fairly range-bound volatility with strong liquidity: premium is reasonable and strikes can be placed with decent margin of safety; still check IV before results/events.","Monthly sales volumes, input costs (steel/rubber), EV transition news, rural demand/monsoon, rates","Maruti Suzuki India Ltd, Tata Motors Ltd, Mahindra & Mahindra Ltd",— fill from your chart —,— fill from your chart —,— fill from your chart —,— fill from your chart —,— fill from your chart —,—,—,—,—,,— fill by running script —,— fill by running script —,— fill by running script —,— fill by running script —,— fill by running script —,— fill by running script —,— fill by running script —,— fill by running script —,— fill by running script —,— fill by running script —,— fill by running script —,— fill by running script —,— fill by running script —,— fill by running script —,— fill by running script —,— fill by running script —,— fill by running script —,44.16,-2.35,976086.0,0.76,0.0,2040.0,105.0,0.88,2060.0,Option Seller: Short Strangle / Iron Condor,2026-09-01 22:19,11.19,2295.0,1115.6,-11.07,82.95,45.46,1.76,12.44,139.32,40.0,32.18
85,Balkrishna Industries Ltd,Auto & Auto Ancillary,Mid Cap,Broader Nifty universe (Next50/Midcap150/Smallcap) — verify at niftyindices.com,Medium,High,Selling (Premium),"Moderate, fairly range-bound volatility with strong liquidity: premium is reasonable and strikes can be placed with decent margin of safety; still check IV before results/events.","Monthly sales volumes, input costs (steel/rubber), EV transition news, rural demand/monsoon, rates","Maruti Suzuki India Ltd, Tata Motors Ltd, Mahindra & Mahindra Ltd",— fill from your chart —,— fill from your chart —,— fill from your chart —,— fill from your chart —,— fill from your chart —,—,—,—,—,,— fill by running script —,— fill by running script —,— fill by running script —,— fill by running script —,— fill by running script —,— fill by running script —,— fill by running script —,— fill by running script —,— fill by running script —,— fill by running script —,— fill by running script —,— fill by running script —,— fill by running script —,— fill by running script —,— fill by running script —,— fill by running script —,— fill by running script —,50.08,-18.71,511138.0,0.72,0.0,,,,,Option Seller: Short Strangle / Iron Condor,2026-09-01 22:19,11.19,2775.0,1970.0,-15.86,18.53,67.16,4.02,9.55,32.07,75.0,42.76
86,Apollo Tyres Ltd,Auto & Auto Ancillary,Mid Cap,Broader Nifty universe (Next50/Midcap150/Smallcap) — verify at niftyindices.com,Medium,High,Selling (Premium),"Moderate, fairly range-bound volatility with strong liquidity: premium is reasonable and strikes can be placed with decent margin of safety; still check IV before results/events.","Monthly sales volumes, input costs (steel/rubber), EV transition news, rural demand/monsoon, rates","Maruti Suzuki India Ltd, Tata Motors Ltd, Mahindra & Mahindra Ltd",— fill from your chart —,— fill from your chart —,— fill from your chart —,— fill from your chart —,— fill from your chart —,—,—,—,—,,— fill by running script —,— fill by running script —,— fill by running script —,— fill by running script —,— fill by running script —,— fill by running script —,— fill by running script —,— fill by running script —,— fill by running script —,— fill by running script —,— fill by running script —,— fill by running script —,— fill by running script —,— fill by running script —,— fill by running script —,— fill by running script —,— fill by running script —,54.76,-0.18,276871.0,0.27,0.0,,,,,Option Seller: Short Strangle / Iron Condor,2026-09-01 22:19,11.19,540.5,365.3,-18.1,21.17,9.65,3.65,5.59,16.42,251.0,16.34
87,MRF Ltd,Auto & Auto Ancillary,Mid Cap,Broader Nifty universe (Next50/Midcap150/Smallcap) — verify at niftyindices.com,Low-Medium,Medium,Both / Depends on IV,Volatility and liquidity are middling: workable either way depending on the specific IV level and view at the time; no strong structural edge either way.,"Monthly sales volumes, input costs (steel/rubber), EV transition news, rural demand/monsoon, rates","Maruti Suzuki India Ltd, Tata Motors Ltd, Mahindra & Mahindra Ltd",— fill from your chart —,— fill from your chart —,— fill from your chart —,— fill from your chart —,— fill from your chart —,—,—,—,—,,— fill by running script —,— fill by running script —,— fill by running script —,— fill by running script —,— fill by running script —,— fill by running script —,— fill by running script —,— fill by running script —,— fill by running script —,— fill by running script —,— fill by running script —,— fill by running script —,— fill by running script —,— fill by running script —,— fill by running script —,— fill by running script —,— fill by running script —,48.51,-113.79,2838.0,0.65,0.0,,,,,Option Seller: Short Strangle / Iron Condor,2026-09-01 22:19,11.19,163600.0,122000.0,-19.07,8.52,2050.71,2.14,2.57,23.17,35.0,15.55
88,Samvardhana Motherson International Ltd,Auto & Auto Ancillary,Mid Cap,Broader Nifty universe (Next50/Midcap150/Smallcap) — verify at niftyindices.com,Medium,High,Selling (Premium),"Moderate, fairly range-bound volatility with strong liquidity: premium is reasonable and strikes can be placed with decent margin of safety; still check IV before results/events.","Monthly sales volumes, input costs (steel/rubber), EV transition news, rural demand/monsoon, rates","Maruti Suzuki India Ltd, Tata Motors Ltd, Mahindra & Mahindra Ltd",— fill from your chart —,— fill from your chart —,— fill from your chart —,— fill from your chart —,— fill from your chart —,—,—,—,—,,— fill by running script —,— fill by running script —,— fill by running script —,— fill by running script —,— fill by running script —,— fill by running script —,— fill by running script —,— fill by running script —,— fill by running script —,— fill by running script —,— fill by running script —,— fill by running script —,— fill by running script —,— fill by running script —,— fill by running script —,— fill by running script —,— fill by running script —,54.67,-0.99,14103203.0,0.72,0.0,165.0,8.85,1.06,167.5,Option Seller: Short Strangle / Iron Condor,2026-09-01 22:19,11.19,173.27,93.49,-4.77,76.49,3.56,8.55,5.01,39.81,30.0,33.74
89,Bosch Ltd,Auto & Auto Ancillary,Large Cap,Broader Nifty universe (Next50/Midcap150/Smallcap) — verify at niftyindices.com,Medium,High,Selling (Premium),"Moderate, fairly range-bound volatility with strong liquidity: premium is reasonable and strikes can be placed with decent margin of safety; still check IV before results/events.","Monthly sales volumes, input costs (steel/rubber), EV transition news, rural demand/monsoon, rates","Maruti Suzuki India Ltd, Tata Motors Ltd, Mahindra & Mahindra Ltd",— fill from your chart —,— fill from your chart —,— fill from your chart —,— fill from your chart —,— fill from your chart —,—,—,—,—,,— fill by running script —,— fill by running script —,— fill by running script —,— fill by running script —,— fill by running script —,— fill by running script —,— fill by running script —,— fill by running script —,— fill by running script —,— fill by running script —,— fill by running script —,— fill by running script —,— fill by running script —,— fill by running script —,— fill by running script —,— fill by running script —,— fill by running script —,62.35,-33.79,53609.0,1.02,0.0,48000.0,2345.95,0.67,49000.0,Neutral / Stand Aside,2026-09-01 22:20,11.19,50000.0,28610.0,-3.55,68.56,1059.29,14.34,3.68,60.69,56.0,28.25
90,Escorts Kubota Ltd,Auto & Auto Ancillary,Mid Cap,Broader Nifty universe (Next50/Midcap150/Smallcap) — verify at niftyindices.com,Medium,High,Selling (Premium),"Moderate, fairly range-bound volatility with strong liquidity: premium is reasonable and strikes can be placed with decent margin of safety; still check IV before results/events.","Monthly sales volumes, input costs (steel/rubber), EV transition news, rural demand/monsoon, rates","Maruti Suzuki India Ltd, Tata Motors Ltd, Mahindra & Mahindra Ltd",— fill from your chart —,— fill from your chart —,— fill from your chart —,— fill from your chart —,— fill from your chart —,—,—,—,—,,— fill by running script —,— fill by running script —,— fill by running script —,— fill by running script —,— fill by running script —,— fill by running script —,— fill by running script —,— fill by running script —,— fill by running script —,— fill by running script —,— fill by running script —,— fill by running script —,— fill by running script —,— fill by running script —,— fill by running script —,— fill by running script —,— fill by running script —,46.23,-16.09,115819.0,1.64,0.0,,,,,Neutral / Stand Aside,2026-09-01 22:20,11.19,4180.0,2700.0,-27.92,11.59,62.39,1.5,4.83,23.98,110.0,18.92
91,Exide Industries Ltd,Auto & Auto Ancillary,Mid Cap,Broader Nifty universe (Next50/Midcap150/Smallcap) — verify at niftyindices.com,Medium,High,Selling (Premium),"Moderate, fairly range-bound volatility with strong liquidity: premium is reasonable and strikes can be placed with decent margin of safety; still check IV before results/events.","Monthly sales volumes, input costs (steel/rubber), EV transition news, rural demand/monsoon, rates","Maruti Suzuki India Ltd, Tata Motors Ltd, Mahindra & Mahindra Ltd",— fill from your chart —,— fill from your chart —,— fill from your chart —,— fill from your chart —,— fill from your chart —,—,—,—,—,,— fill by running script —,— fill by running script —,— fill by running script —,— fill by running script —,— fill by running script —,— fill by running script —,— fill by running script —,— fill by running script —,— fill by running script —,— fill by running script —,— fill by running script —,— fill by running script —,— fill by running script —,— fill by running script —,— fill by running script —,— fill by running script —,— fill by running script —,41.23,-5.6,2106708.0,0.65,0.0,,,,,Option Seller: Short Strangle / Iron Condor,2026-09-01 22:20,11.19,496.4,287.0,-11.99,52.23,11.5,0.66,13.62,39.8,45.0,28.88
92,Hindustan Unilever Ltd,FMCG,Large Cap,Nifty 50,Low,High,Selling (Premium),"Low/stable volatility + deep liquidity: OTM strikes are cheap to write but stay in a fairly predictable range, tight spreads make entry/exit efficient, and gap risk on results/news is comparatively low.","Rural demand & monsoon, input costs (palm oil, crude derivatives), urban consumption, GST changes","ITC Ltd, Nestle India Ltd, Britannia Industries Ltd",— fill from your chart —,— fill from your chart —,— fill from your chart —,— fill from your chart —,— fill from your chart —,—,—,—,—,,— fill by running script —,— fill by running script —,— fill by running script —,— fill by running script —,— fill by running script —,— fill by running script —,— fill by running script —,— fill by running script —,— fill by running script —,— fill by running script —,— fill by running script —,— fill by running script —,— fill by running script —,— fill by running script —,— fill by running script —,— fill by running script —,— fill by running script —,36.0,-3.8,922778.0,0.84,0.0,1980.0,72.1,0.67,2020.0,Neutral / Stand Aside,2026-09-01 22:20,11.19,2750.0,1967.4,-27.8,0.91,27.77,0.91,5.74,44.28,224.0,28.9
93,ITC Ltd,FMCG,Large Cap,Nifty 50,Low,Very High,Selling (Premium),"Low/stable volatility + deep liquidity: OTM strikes are cheap to write but stay in a fairly predictable range, tight spreads make entry/exit efficient, and gap risk on results/news is comparatively low.","Rural demand & monsoon, input costs (palm oil, crude derivatives), urban consumption, GST changes","Hindustan Unilever Ltd, Nestle India Ltd, Britannia Industries Ltd",— fill from your chart —,— fill from your chart —,— fill from your chart —,— fill from your chart —,— fill from your chart —,—,—,—,—,,— fill by running script —,— fill by running script —,— fill by running script —,— fill by running script —,— fill by running script —,— fill by running script —,— fill by running script —,— fill by running script —,— fill by running script —,— fill by running script —,— fill by running script —,— fill by running script —,— fill by running script —,— fill by running script —,— fill by running script —,— fill by running script —,— fill by running script —,41.36,-0.93,31258553.0,2.32,0.0,267.5,8.8,0.62,270.0,Neutral / Stand Aside,2026-09-01 22:20,11.19,427.0,255.5,-37.63,4.23,5.1,4.06,8.34,16.83,626.0,22.57
94,Nestle India Ltd,FMCG,Large Cap,Nifty 50,Low,High,Selling (Premium),"Low/stable volatility + deep liquidity: OTM strikes are cheap to write but stay in a fairly predictable range, tight spreads make entry/exit efficient, and gap risk on results/news is comparatively low.","Rural demand & monsoon, input costs (palm oil, crude derivatives), urban consumption, GST changes","Hindustan Unilever Ltd, ITC Ltd, Britannia Industries Ltd",— fill from your chart —,— fill from your chart —,— fill from your chart —,— fill from your chart —,— fill from your chart —,—,—,—,—,,— fill by running script —,— fill by running script —,— fill by running script —,— fill by running script —,— fill by running script —,— fill by running script —,— fill by running script —,— fill by running script —,— fill by running script —,— fill by running script —,— fill by running script —,— fill by running script —,— fill by running script —,— fill by running script —,— fill by running script —,— fill by running script —,— fill by running script —,42.0,-5.1,2555542.0,1.5,0.0,1440.0,58.0,0.6,1450.0,Neutral / Stand Aside,2026-09-01 22:20,11.19,1553.0,1145.0,-7.5,25.46,32.96,0.62,8.11,72.82,82.0,25.58
95,Britannia Industries Ltd,FMCG,Large Cap,Nifty 50,Low-Medium,High,Selling (Premium),"Low/stable volatility + deep liquidity: OTM strikes are cheap to write but stay in a fairly predictable range, tight spreads make entry/exit efficient, and gap risk on results/news is comparatively low.","Rural demand & monsoon, input costs (palm oil, crude derivatives), urban consumption, GST changes","Hindustan Unilever Ltd, ITC Ltd, Nestle India Ltd",— fill from your chart —,— fill from your chart —,— fill from your chart —,— fill from your chart —,— fill from your chart —,—,—,—,—,,— fill by running script —,— fill by running script —,— fill by running script —,— fill by running script —,— fill by running script —,— fill by running script —,— fill by running script —,— fill by running script —,— fill by running script —,— fill by running script —,— fill by running script —,— fill by running script —,— fill by running script —,— fill by running script —,— fill by running script —,— fill by running script —,— fill by running script —,35.04,-37.89,235479.0,0.69,0.0,5150.0,202.1,0.79,5350.0,Neutral / Stand Aside,2026-09-01 22:20,11.19,6336.0,5035.0,-18.4,2.68,99.5,0.47,10.05,47.96,172.0,20.79
96,Dabur India Ltd,FMCG,Mid Cap,Broader Nifty universe (Next50/Midcap150/Smallcap) — verify at niftyindices.com,Low,High,Selling (Premium),"Low/stable volatility + deep liquidity: OTM strikes are cheap to write but stay in a fairly predictable range, tight spreads make entry/exit efficient, and gap risk on results/news is comparatively low.","Rural demand & monsoon, input costs (palm oil, crude derivatives), urban consumption, GST changes","Hindustan Unilever Ltd, ITC Ltd, Nestle India Ltd",— fill from your chart —,— fill from your chart —,— fill from your chart —,— fill from your chart —,— fill from your chart —,—,—,—,—,,— fill by running script —,— fill by running script —,— fill by running script —,— fill by running script —,— fill by running script —,— fill by running script —,— fill by running script —,— fill by running script —,— fill by running script —,— fill by running script —,— fill by running script —,— fill by running script —,— fill by running script —,— fill by running script —,— fill by running script —,— fill by running script —,— fill by running script —,26.59,-1.45,1394674.0,0.88,0.0,385.0,15.2,0.7,400.0,Neutral / Stand Aside,2026-09-01 22:20,11.19,577.0,381.0,-33.45,0.79,5.3,0.78,8.12,34.63,214.0,17.57
97,Marico Ltd,FMCG,Mid Cap,Broader Nifty universe (Next50/Midcap150/Smallcap) — verify at niftyindices.com,Low,High,Selling (Premium),"Low/stable volatility + deep liquidity: OTM strikes are cheap to write but stay in a fairly predictable range, tight spreads make entry/exit efficient, and gap risk on results/news is comparatively low.","Rural demand & monsoon, input costs (palm oil, crude derivatives), urban consumption, GST changes","Hindustan Unilever Ltd, ITC Ltd, Nestle India Ltd",— fill from your chart —,— fill from your chart —,— fill from your chart —,— fill from your chart —,— fill from your chart —,—,—,—,—,,— fill by running script —,— fill by running script —,— fill by running script —,— fill by running script —,— fill by running script —,— fill by running script —,— fill by running script —,— fill by running script —,— fill by running script —,— fill by running script —,— fill by running script —,— fill by running script —,— fill by running script —,— fill by running script —,— fill by running script —,— fill by running script —,— fill by running script —,45.58,-3.25,3684805.0,2.23,0.0,840.0,30.65,0.61,840.0,Option Seller: Bear Call Spread (Call Overhang),2026-09-01 22:20,11.19,889.1,690.3,-5.76,21.38,14.13,2.14,4.91,57.76,49.0,19.22
98,Tata Consumer Products Ltd,FMCG,Mid Cap,Broader Nifty universe (Next50/Midcap150/Smallcap) — verify at niftyindices.com,Low,High,Selling (Premium),"Low/stable volatility + deep liquidity: OTM strikes are cheap to write but stay in a fairly predictable range, tight spreads make entry/exit efficient, and gap risk on results/news is comparatively low.","Rural demand & monsoon, input costs (palm oil, crude derivatives), urban consumption, GST changes","Hindustan Unilever Ltd, ITC Ltd, Nestle India Ltd",— fill from your chart —,— fill from your chart —,— fill from your chart —,— fill from your chart —,— fill from your chart —,—,—,—,—,,— fill by running script —,— fill by running script —,— fill by running script —,— fill by running script —,— fill by running script —,— fill by running script —,— fill by running script —,— fill by running script —,— fill by running script —,— fill by running script —,— fill by running script —,— fill by running script —,— fill by running script —,— fill by running script —,— fill by running script —,— fill by running script —,— fill by running script —,35.37,-3.01,1005860.0,0.81,0.0,1030.0,42.9,0.78,1050.0,Neutral / Stand Aside,2026-09-01 22:20,11.19,1282.7,1007.2,-19.93,1.97,17.96,0.19,8.06,62.45,96.0,22.51
99,Colgate-Palmolive (India) Ltd,FMCG,Mid Cap,Broader Nifty universe (Next50/Midcap150/Smallcap) — verify at niftyindices.com,Low,High,Selling (Premium),"Low/stable volatility + deep liquidity: OTM strikes are cheap to write but stay in a fairly predictable range, tight spreads make entry/exit efficient, and gap risk on results/news is comparatively low.","Rural demand & monsoon, input costs (palm oil, crude derivatives), urban consumption, GST changes","Hindustan Unilever Ltd, ITC Ltd, Nestle India Ltd",— fill from your chart —,— fill from your chart —,— fill from your chart —,— fill from your chart —,— fill from your chart —,—,—,—,—,,— fill by running script —,— fill by running script —,— fill by running script —,— fill by running script —,— fill by running script —,— fill by running script —,— fill by running script —,— fill by running script —,— fill by running script —,— fill by running script —,— fill by running script —,— fill by running script —,— fill by running script —,— fill by running script —,— fill by running script —,— fill by running script —,— fill by running script —,35.33,-5.63,374486.0,1.08,0.0,1840.0,84.35,0.93,1900.0,Neutral / Stand Aside,2026-09-01 22:20,11.19,2504.0,1782.0,-26.27,3.6,37.74,2.3,10.59,37.55,253.0,25.36
100,Godrej Consumer Products Ltd,FMCG,Mid Cap,Broader Nifty universe (Next50/Midcap150/Smallcap) — verify at niftyindices.com,Low,High,Selling (Premium),"Low/stable volatility + deep liquidity: OTM strikes are cheap to write but stay in a fairly predictable range, tight spreads make entry/exit efficient, and gap risk on results/news is comparatively low.","Rural demand & monsoon, input costs (palm oil, crude derivatives), urban consumption, GST changes","Hindustan Unilever Ltd, ITC Ltd, Nestle India Ltd",— fill from your chart —,— fill from your chart —,— fill from your chart —,— fill from your chart —,— fill from your chart —,—,—,—,—,,— fill by running script —,— fill by running script —,— fill by running script —,— fill by running script —,— fill by running script —,— fill by running script —,— fill by running script —,— fill by running script —,— fill by running script —,— fill by running script —,— fill by running script —,— fill by running script —,— fill by running script —,— fill by running script —,— fill by running script —,— fill by running script —,— fill by running script —,27.49,-2.33,691129.0,0.26,0.0,900.0,40.35,0.74,930.0,Neutral / Stand Aside,2026-09-01 22:20,11.19,1309.0,891.1,-31.24,1.0,16.03,0.99,20.79,48.5,219.0,39.31
101,United Spirits Ltd,FMCG,Mid Cap,Broader Nifty universe (Next50/Midcap150/Smallcap) — verify at niftyindices.com,Low,High,Selling (Premium),"Low/stable volatility + deep liquidity: OTM strikes are cheap to write but stay in a fairly predictable range, tight spreads make entry/exit efficient, and gap risk on results/news is comparatively low.","Rural demand & monsoon, input costs (palm oil, crude derivatives), urban consumption, GST changes","Hindustan Unilever Ltd, ITC Ltd, Nestle India Ltd",— fill from your chart —,— fill from your chart —,— fill from your chart —,— fill from your chart —,— fill from your chart —,—,—,—,—,,— fill by running script —,— fill by running script —,— fill by running script —,— fill by running script —,— fill by running script —,— fill by running script —,— fill by running script —,— fill by running script —,— fill by running script —,— fill by running script —,— fill by running script —,— fill by running script —,— fill by running script —,— fill by running script —,— fill by running script —,— fill by running script —,— fill by running script —,,,,,,,,,,,,,,,,,,,,,,
102,Varun Beverages Ltd,FMCG,Mid Cap,Broader Nifty universe (Next50/Midcap150/Smallcap) — verify at niftyindices.com,Low,High,Selling (Premium),"Low/stable volatility + deep liquidity: OTM strikes are cheap to write but stay in a fairly predictable range, tight spreads make entry/exit efficient, and gap risk on results/news is comparatively low.","Rural demand & monsoon, input costs (palm oil, crude derivatives), urban consumption, GST changes","Hindustan Unilever Ltd, ITC Ltd, Nestle India Ltd",— fill from your chart —,— fill from your chart —,— fill from your chart —,— fill from your chart —,— fill from your chart —,—,—,—,—,,— fill by running script —,— fill by running script —,— fill by running script —,— fill by running script —,— fill by running script —,— fill by running script —,— fill by running script —,— fill by running script —,— fill by running script —,— fill by running script —,— fill by running script —,— fill by running script —,— fill by running script —,— fill by running script —,— fill by running script —,— fill by running script —,— fill by running script —,34.29,-1.54,4752656.0,0.84,0.0,410.0,22.95,0.52,430.0,Neutral / Stand Aside,2026-09-01 22:20,11.19,555.8,381.0,-26.62,7.05,10.87,1.81,10.46,40.54,50.0,34.54
103,Tata Steel Ltd,Metals & Mining,Large Cap,Nifty 50,Medium-High,Very High,Both / Depends on IV,"Volatility swings meaningfully with news/results and business cycle: rich premium can suit selling when IV is elevated, but sizing and strike distance should widen versus low-vol names; also workable for directional buying around clear catalysts.","Global commodity prices (LME), China demand, currency, export/import duty changes","JSW Steel Ltd, Hindalco Industries Ltd, Vedanta Ltd",— fill from your chart —,— fill from your chart —,— fill from your chart —,— fill from your chart —,— fill from your chart —,—,—,—,—,,— fill by running script —,— fill by running script —,— fill by running script —,— fill by running script —,— fill by running script —,— fill by running script —,— fill by running script —,— fill by running script —,— fill by running script —,— fill by running script —,— fill by running script —,— fill by running script —,— fill by running script —,— fill by running script —,— fill by running script —,— fill by running script —,— fill by running script —,41.17,0.02,46663321.0,1.76,0.0,182.5,9.25,0.71,187.5,Neutral / Stand Aside,2026-09-01 22:20,11.19,224.4,155.5,-18.38,17.79,4.04,1.73,5.73,20.8,217.0,16.78
104,JSW Steel Ltd,Metals & Mining,Large Cap,Nifty 50,Medium-High,Very High,Both / Depends on IV,"Volatility swings meaningfully with news/results and business cycle: rich premium can suit selling when IV is elevated, but sizing and strike distance should widen versus low-vol names; also workable for directional buying around clear catalysts.","Global commodity prices (LME), China demand, currency, export/import duty changes","Tata Steel Ltd, Hindalco Industries Ltd, Vedanta Ltd",— fill from your chart —,— fill from your chart —,— fill from your chart —,— fill from your chart —,— fill from your chart —,—,—,—,—,,— fill by running script —,— fill by running script —,— fill by running script —,— fill by running script —,— fill by running script —,— fill by running script —,— fill by running script —,— fill by running script —,— fill by running script —,— fill by running script —,— fill by running script —,— fill by running script —,— fill by running script —,— fill by running script —,— fill by running script —,— fill by running script —,— fill by running script —,55.48,1.26,1134147.0,0.66,0.0,1320.0,56.9,0.74,1320.0,Option Seller: Short Strangle / Iron Condor,2026-09-01 22:20,11.19,1351.0,1031.2,-2.74,27.42,24.67,4.84,2.82,12.96,53.0,19.08
105,Hindalco Industries Ltd,Metals & Mining,Large Cap,Nifty 50,High,Very High,Buying (Directional),"High to very high volatility, often driven by news flow, ownership/regulatory triggers, or a still-unprofitable/early business model: sudden large moves and gap risk make naked OTM selling dangerous; a long option (defined max loss) fits this profile better than premium selling.","Global commodity prices (LME), China demand, currency, export/import duty changes","Tata Steel Ltd, JSW Steel Ltd, Vedanta Ltd",— fill from your chart —,— fill from your chart —,— fill from your chart —,— fill from your chart —,— fill from your chart —,—,—,—,—,,— fill by running script —,— fill by running script —,— fill by running script —,— fill by running script —,— fill by running script —,— fill by running script —,— fill by running script —,— fill by running script —,— fill by running script —,— fill by running script —,— fill by running script —,— fill by running script —,— fill by running script —,— fill by running script —,— fill by running script —,— fill by running script —,— fill by running script —,47.29,-5.33,2765114.0,0.63,0.0,1020.0,50.55,0.69,1040.0,Option Seller: Bear Call Spread (Call Overhang),2026-09-01 22:20,11.19,1176.0,714.2,-13.74,42.03,24.81,0.89,7.25,13.76,49.0,26.59
106,Vedanta Ltd,Metals & Mining,Large Cap,Broader Nifty universe (Next50/Midcap150/Smallcap) — verify at niftyindices.com,High,Very High,Buying (Directional),"High to very high volatility, often driven by news flow, ownership/regulatory triggers, or a still-unprofitable/early business model: sudden large moves and gap risk make naked OTM selling dangerous; a long option (defined max loss) fits this profile better than premium selling.","Global commodity prices (LME), China demand, currency, export/import duty changes","Tata Steel Ltd, JSW Steel Ltd, Hindalco Industries Ltd",— fill from your chart —,— fill from your chart —,— fill from your chart —,— fill from your chart —,— fill from your chart —,—,—,—,—,,— fill by running script —,— fill by running script —,— fill by running script —,— fill by running script —,— fill by running script —,— fill by running script —,— fill by running script —,— fill by running script —,— fill by running script —,— fill by running script —,— fill by running script —,— fill by running script —,— fill by running script —,— fill by running script —,— fill by running script —,— fill by running script —,— fill by running script —,48.95,1.0,6769011.0,0.48,0.0,275.0,18.8,0.59,280.0,Option Seller: Bear Call Spread (Call Overhang),2026-09-01 22:20,11.19,795.0,249.7,-65.55,9.67,8.21,4.56,6.26,12.04,1222.0,30.9
107,Steel Authority of India Ltd,Metals & Mining,Mid Cap,Broader Nifty universe (Next50/Midcap150/Smallcap) — verify at niftyindices.com,High,Very High,Buying (Directional),"High to very high volatility, often driven by news flow, ownership/regulatory triggers, or a still-unprofitable/early business model: sudden large moves and gap risk make naked OTM selling dangerous; a long option (defined max loss) fits this profile better than premium selling.","Global commodity prices (LME), China demand, currency, export/import duty changes","Tata Steel Ltd, JSW Steel Ltd, Hindalco Industries Ltd",— fill from your chart —,— fill from your chart —,— fill from your chart —,— fill from your chart —,— fill from your chart —,—,—,—,—,,— fill by running script —,— fill by running script —,— fill by running script —,— fill by running script —,— fill by running script —,— fill by running script —,— fill by running script —,— fill by running script —,— fill by running script —,— fill by running script —,— fill by running script —,— fill by running script —,— fill by running script —,— fill by running script —,— fill by running script —,— fill by running script —,— fill by running script —,61.46,2.15,29120262.0,1.14,0.0,190.0,9.34,1.12,190.0,Neutral / Stand Aside,2026-09-01 22:20,11.19,209.7,120.81,-9.11,57.76,7.46,16.72,5.44,18.65,121.0,35.75
108,National Aluminium Co Ltd,Metals & Mining,Mid Cap,Broader Nifty universe (Next50/Midcap150/Smallcap) — verify at niftyindices.com,High,High,Buying (Directional),"High to very high volatility, often driven by news flow, ownership/regulatory triggers, or a still-unprofitable/early business model: sudden large moves and gap risk make naked OTM selling dangerous; a long option (defined max loss) fits this profile better than premium selling.","Global commodity prices (LME), China demand, currency, export/import duty changes","Tata Steel Ltd, JSW Steel Ltd, Hindalco Industries Ltd",— fill from your chart —,— fill from your chart —,— fill from your chart —,— fill from your chart —,— fill from your chart —,—,—,—,—,,— fill by running script —,— fill by running script —,— fill by running script —,— fill by running script —,— fill by running script —,— fill by running script —,— fill by running script —,— fill by running script —,— fill by running script —,— fill by running script —,— fill by running script —,— fill by running script —,— fill by running script —,— fill by running script —,— fill by running script —,— fill by running script —,— fill by running script —,44.46,-2.78,6155527.0,0.78,0.0,370.0,26.35,0.6,390.0,Option Seller: Short Strangle / Iron Condor,2026-09-01 22:20,11.19,445.15,190.87,-16.93,93.74,12.99,0.32,14.17,10.11,101.0,44.32
109,Hindustan Copper Ltd,Metals & Mining,Mid Cap,Broader Nifty universe (Next50/Midcap150/Smallcap) — verify at niftyindices.com,High,High,Buying (Directional),"High to very high volatility, often driven by news flow, ownership/regulatory triggers, or a still-unprofitable/early business model: sudden large moves and gap risk make naked OTM selling dangerous; a long option (defined max loss) fits this profile better than premium selling.","Global commodity prices (LME), China demand, currency, export/import duty changes","Tata Steel Ltd, JSW Steel Ltd, Hindalco Industries Ltd",— fill from your chart —,— fill from your chart —,— fill from your chart —,— fill from your chart —,— fill from your chart —,—,—,—,—,,— fill by running script —,— fill by running script —,— fill by running script —,— fill by running script —,— fill by running script —,— fill by running script —,— fill by running script —,— fill by running script —,— fill by running script —,— fill by running script —,— fill by running script —,— fill by running script —,— fill by running script —,— fill by running script —,— fill by running script —,— fill by running script —,— fill by running script —,47.73,-4.86,13697101.0,0.73,0.0,,,,,Option Seller: Short Strangle / Iron Condor,2026-09-01 22:20,11.19,760.05,232.3,-30.79,126.43,25.44,5.87,11.55,44.75,81.0,49.03
110,Jindal Steel & Power Ltd,Metals & Mining,Mid Cap,Broader Nifty universe (Next50/Midcap150/Smallcap) — verify at niftyindices.com,High,High,Buying (Directional),"High to very high volatility, often driven by news flow, ownership/regulatory triggers, or a still-unprofitable/early business model: sudden large moves and gap risk make naked OTM selling dangerous; a long option (defined max loss) fits this profile better than premium selling.","Global commodity prices (LME), China demand, currency, export/import duty changes","Tata Steel Ltd, JSW Steel Ltd, Hindalco Industries Ltd",— fill from your chart —,— fill from your chart —,— fill from your chart —,— fill from your chart —,— fill from your chart —,—,—,—,—,,— fill by running script —,— fill by running script —,— fill by running script —,— fill by running script —,— fill by running script —,— fill by running script —,— fill by running script —,— fill by running script —,— fill by running script —,— fill by running script —,— fill by running script —,— fill by running script —,— fill by running script —,— fill by running script —,— fill by running script —,— fill by running script —,— fill by running script —,55.6,4.34,517597.0,0.65,0.0,1140.0,56.3,0.89,1160.0,Option Seller: Short Strangle / Iron Condor,2026-09-01 22:20,11.19,1306.2,956.1,-12.11,20.07,27.4,5.4,4.22,43.41,17.0,24.86
111,NMDC Ltd,Metals & Mining,Mid Cap,Broader Nifty universe (Next50/Midcap150/Smallcap) — verify at niftyindices.com,High,High,Buying (Directional),"High to very high volatility, often driven by news flow, ownership/regulatory triggers, or a still-unprofitable/early business model: sudden large moves and gap risk make naked OTM selling dangerous; a long option (defined max loss) fits this profile better than premium selling.","Global commodity prices (LME), China demand, currency, export/import duty changes","Tata Steel Ltd, JSW Steel Ltd, Hindalco Industries Ltd",— fill from your chart —,— fill from your chart —,— fill from your chart —,— fill from your chart —,— fill from your chart —,—,—,—,—,,— fill by running script —,— fill by running script —,— fill by running script —,— fill by running script —,— fill by running script —,— fill by running script —,— fill by running script —,— fill by running script —,— fill by running script —,— fill by running script —,— fill by running script —,— fill by running script —,— fill by running script —,— fill by running script —,— fill by running script —,— fill by running script —,— fill by running script —,49.66,0.21,11311468.0,0.59,0.0,85.0,4.33,0.56,87.0,Option Seller: Bear Call Spread (Call Overhang),2026-09-01 22:20,11.19,97.49,69.79,-12.35,22.44,2.36,5.15,4.27,10.1,403.0,22.27
112,Adani Enterprises Ltd,Metals & Mining / Diversified,Large Cap,Nifty 50,Very High,Very High,Buying (Directional),"High to very high volatility, often driven by news flow, ownership/regulatory triggers, or a still-unprofitable/early business model: sudden large moves and gap risk make naked OTM selling dangerous; a long option (defined max loss) fits this profile better than premium selling.","Commodity cycle, group-level news flow, currency, capex announcements",No close single-stock F&O peer in this list,— fill from your chart —,— fill from your chart —,— fill from your chart —,— fill from your chart —,— fill from your chart —,—,—,—,—,,— fill by running script —,— fill by running script —,— fill by running script —,— fill by running script —,— fill by running script —,— fill by running script —,— fill by running script —,— fill by running script —,— fill by running script —,— fill by running script —,— fill by running script —,— fill by running script —,— fill by running script —,— fill by running script —,— fill by running script —,— fill by running script —,— fill by running script —,35.5,-10.62,3862408.0,2.1,0.0,2850.0,179.45,0.53,3000.0,Option Buyer: Bearish Breakdown,2026-09-01 22:20,11.19,3245.0,1753.0,-11.84,63.2,81.56,0.52,10.93,49.83,5.0,36.87
113,Coal India Ltd,Metals & Mining,Large Cap,Nifty 50,Medium,Very High,Selling (Premium),"Moderate, fairly range-bound volatility with strong liquidity: premium is reasonable and strikes can be placed with decent margin of safety; still check IV before results/events.","Global commodity prices (LME), China demand, currency, export/import duty changes","Tata Steel Ltd, JSW Steel Ltd, Hindalco Industries Ltd",— fill from your chart —,— fill from your chart —,— fill from your chart —,— fill from your chart —,— fill from your chart —,—,—,—,—,,— fill by running script —,— fill by running script —,— fill by running script —,— fill by running script —,— fill by running script —,— fill by running script —,— fill by running script —,— fill by running script —,— fill by running script —,— fill by running script —,— fill by running script —,— fill by running script —,— fill by running script —,— fill by running script —,— fill by running script —,— fill by running script —,— fill by running script —,36.73,0.49,6128444.0,0.79,0.0,400.0,15.4,0.6,400.0,Neutral / Stand Aside,2026-09-01 22:20,11.19,491.25,369.6,-18.09,8.87,6.17,1.64,3.78,7.95,524.0,15.73
114,Reliance Industries Ltd,Oil & Gas / Energy,Large Cap,Nifty 50,Medium,Very High,Selling (Premium),"Moderate, fairly range-bound volatility with strong liquidity: premium is reasonable and strikes can be placed with decent margin of safety; still check IV before results/events.","Crude oil price, refining margins (GRMs), government subsidy-sharing, currency","Oil & Natural Gas Corp Ltd, Indian Oil Corporation Ltd, Bharat Petroleum Corporation Ltd",— fill from your chart —,— fill from your chart —,— fill from your chart —,— fill from your chart —,— fill from your chart —,—,—,—,—,,— fill by running script —,— fill by running script —,— fill by running script —,— fill by running script —,— fill by running script —,— fill by running script —,— fill by running script —,— fill by running script —,— fill by running script —,— fill by running script —,— fill by running script —,— fill by running script —,— fill by running script —,— fill by running script —,— fill by running script —,— fill by running script —,— fill by running script —,49.53,-3.24,12617528.0,1.11,0.0,1300.0,48.2,0.78,1320.0,Neutral / Stand Aside,2026-09-01 22:20,11.19,1611.8,1249.8,-19.18,4.22,19.07,2.5,2.64,23.73,47.0,18.14
115,Oil & Natural Gas Corp Ltd,Oil & Gas / Energy,Large Cap,Nifty 50,Medium-High,Very High,Both / Depends on IV,"Volatility swings meaningfully with news/results and business cycle: rich premium can suit selling when IV is elevated, but sizing and strike distance should widen versus low-vol names; also workable for directional buying around clear catalysts.","Crude oil price, refining margins (GRMs), government subsidy-sharing, currency","Reliance Industries Ltd, Indian Oil Corporation Ltd, Bharat Petroleum Corporation Ltd",— fill from your chart —,— fill from your chart —,— fill from your chart —,— fill from your chart —,— fill from your chart —,—,—,—,—,,— fill by running script —,— fill by running script —,— fill by running script —,— fill by running script —,— fill by running script —,— fill by running script —,— fill by running script —,— fill by running script —,— fill by running script —,— fill by running script —,— fill by running script —,— fill by running script —,— fill by running script —,— fill by running script —,— fill by running script —,— fill by running script —,— fill by running script —,46.0,-0.02,11985775.0,0.96,0.0,237.5,8.99,0.5,235.0,Option Seller: Bear Call Spread (Call Overhang),2026-09-01 22:20,11.19,307.5,227.65,-23.09,3.88,3.52,2.41,3.6,6.83,626.0,17.11
116,Indian Oil Corporation Ltd,Oil & Gas / Energy,Large Cap,Broader Nifty universe (Next50/Midcap150/Smallcap) — verify at niftyindices.com,Medium-High,High,Both / Depends on IV,"Volatility swings meaningfully with news/results and business cycle: rich premium can suit selling when IV is elevated, but sizing and strike distance should widen versus low-vol names; also workable for directional buying around clear catalysts.","Crude oil price, refining margins (GRMs), government subsidy-sharing, currency","Reliance Industries Ltd, Oil & Natural Gas Corp Ltd, Bharat Petroleum Corporation Ltd",— fill from your chart —,— fill from your chart —,— fill from your chart —,— fill from your chart —,— fill from your chart —,—,—,—,—,,— fill by running script —,— fill by running script —,— fill by running script —,— fill by running script —,— fill by running script —,— fill by running script —,— fill by running script —,— fill by running script —,— fill by running script —,— fill by running script —,— fill by running script —,— fill by running script —,— fill by running script —,— fill by running script —,— fill by running script —,— fill by running script —,— fill by running script —,42.59,-0.09,9536764.0,1.18,0.0,137.5,6.04,0.79,140.0,Neutral / Stand Aside,2026-09-01 22:20,11.19,188.96,130.22,-27.76,4.82,2.34,1.6,6.04,5.58,602.0,18.77
117,Bharat Petroleum Corporation Ltd,Oil & Gas / Energy,Large Cap,Nifty 50,Medium-High,High,Both / Depends on IV,"Volatility swings meaningfully with news/results and business cycle: rich premium can suit selling when IV is elevated, but sizing and strike distance should widen versus low-vol names; also workable for directional buying around clear catalysts.","Crude oil price, refining margins (GRMs), government subsidy-sharing, currency","Reliance Industries Ltd, Oil & Natural Gas Corp Ltd, Indian Oil Corporation Ltd",— fill from your chart —,— fill from your chart —,— fill from your chart —,— fill from your chart —,— fill from your chart —,—,—,—,—,,— fill by running script —,— fill by running script —,— fill by running script —,— fill by running script —,— fill by running script —,— fill by running script —,— fill by running script —,— fill by running script —,— fill by running script —,— fill by running script —,— fill by running script —,— fill by running script —,— fill by running script —,— fill by running script —,— fill by running script —,— fill by running script —,— fill by running script —,52.84,0.47,6048491.0,1.21,0.0,320.0,15.85,0.9,320.0,Neutral / Stand Aside,2026-09-01 22:20,11.19,391.65,266.6,-18.68,19.47,7.26,4.33,3.03,7.93,617.0,20.12
118,Hindustan Petroleum Corporation Ltd,Oil & Gas / Energy,Large Cap,Broader Nifty universe (Next50/Midcap150/Smallcap) — verify at niftyindices.com,Medium-High,High,Both / Depends on IV,"Volatility swings meaningfully with news/results and business cycle: rich premium can suit selling when IV is elevated, but sizing and strike distance should widen versus low-vol names; also workable for directional buying around clear catalysts.","Crude oil price, refining margins (GRMs), government subsidy-sharing, currency","Reliance Industries Ltd, Oil & Natural Gas Corp Ltd, Indian Oil Corporation Ltd",— fill from your chart —,— fill from your chart —,— fill from your chart —,— fill from your chart —,— fill from your chart —,—,—,—,—,,— fill by running script —,— fill by running script —,— fill by running script —,— fill by running script —,— fill by running script —,— fill by running script —,— fill by running script —,— fill by running script —,— fill by running script —,— fill by running script —,— fill by running script —,— fill by running script —,— fill by running script —,— fill by running script —,— fill by running script —,— fill by running script —,— fill by running script —,41.28,-0.56,1725511.0,0.32,0.0,360.75,19.2,0.91,370.0,Option Seller: Short Strangle / Iron Condor,2026-09-01 22:20,11.19,508.45,316.2,-28.79,14.5,6.5,1.84,5.43,46.2,663.0,21.45
119,GAIL (India) Ltd,Oil & Gas / Energy,Mid Cap,Broader Nifty universe (Next50/Midcap150/Smallcap) — verify at niftyindices.com,Medium-High,High,Both / Depends on IV,"Volatility swings meaningfully with news/results and business cycle: rich premium can suit selling when IV is elevated, but sizing and strike distance should widen versus low-vol names; also workable for directional buying around clear catalysts.","Crude oil price, refining margins (GRMs), government subsidy-sharing, currency","Reliance Industries Ltd, Oil & Natural Gas Corp Ltd, Indian Oil Corporation Ltd",— fill from your chart —,— fill from your chart —,— fill from your chart —,— fill from your chart —,— fill from your chart —,—,—,—,—,,— fill by running script —,— fill by running script —,— fill by running script —,— fill by running script —,— fill by running script —,— fill by running script —,— fill by running script —,— fill by running script —,— fill by running script —,— fill by running script —,— fill by running script —,— fill by running script —,— fill by running script —,— fill by running script —,— fill by running script —,— fill by running script —,— fill by running script —,48.42,-0.08,8008794.0,0.98,0.0,172.5,7.23,0.71,175.0,Option Seller: Short Strangle / Iron Condor,2026-09-01 22:20,11.19,186.87,134.36,-7.48,28.68,3.14,1.67,2.92,11.49,310.0,26.98
120,Petronet LNG Ltd,Oil & Gas / Energy,Mid Cap,Broader Nifty universe (Next50/Midcap150/Smallcap) — verify at niftyindices.com,Medium-High,High,Both / Depends on IV,"Volatility swings meaningfully with news/results and business cycle: rich premium can suit selling when IV is elevated, but sizing and strike distance should widen versus low-vol names; also workable for directional buying around clear catalysts.","Crude oil price, refining margins (GRMs), government subsidy-sharing, currency","Reliance Industries Ltd, Oil & Natural Gas Corp Ltd, Indian Oil Corporation Ltd",— fill from your chart —,— fill from your chart —,— fill from your chart —,— fill from your chart —,— fill from your chart —,—,—,—,—,,— fill by running script —,— fill by running script —,— fill by running script —,— fill by running script —,— fill by running script —,— fill by running script —,— fill by running script —,— fill by running script —,— fill by running script —,— fill by running script —,— fill by running script —,— fill by running script —,— fill by running script —,— fill by running script —,— fill by running script —,— fill by running script —,— fill by running script —,54.55,0.58,1081102.0,0.54,0.0,290.0,13.15,0.69,290.0,Option Seller: Bear Call Spread (Call Overhang),2026-09-01 22:20,11.19,326.4,235.35,-10.97,23.48,6.65,6.06,3.44,10.42,333.0,23.36
121,Indraprastha Gas Ltd,Oil & Gas / Energy,Mid Cap,Broader Nifty universe (Next50/Midcap150/Smallcap) — verify at niftyindices.com,Medium-High,High,Both / Depends on IV,"Volatility swings meaningfully with news/results and business cycle: rich premium can suit selling when IV is elevated, but sizing and strike distance should widen versus low-vol names; also workable for directional buying around clear catalysts.","Crude oil price, refining margins (GRMs), government subsidy-sharing, currency","Reliance Industries Ltd, Oil & Natural Gas Corp Ltd, Indian Oil Corporation Ltd",— fill from your chart —,— fill from your chart —,— fill from your chart —,— fill from your chart —,— fill from your chart —,—,—,—,—,,— fill by running script —,— fill by running script —,— fill by running script —,— fill by running script —,— fill by running script —,— fill by running script —,— fill by running script —,— fill by running script —,— fill by running script —,— fill by running script —,— fill by running script —,— fill by running script —,— fill by running script —,— fill by running script —,— fill by running script —,— fill by running script —,— fill by running script —,45.9,0.07,803681.0,0.36,0.0,,,,,Option Seller: Short Strangle / Iron Condor,2026-09-01 22:20,11.19,223.5,141.74,-33.09,5.51,3.53,2.23,5.44,16.41,322.0,18.58
122,Mahanagar Gas Ltd,Oil & Gas / Energy,Mid Cap,Broader Nifty universe (Next50/Midcap150/Smallcap) — verify at niftyindices.com,Medium-High,High,Both / Depends on IV,"Volatility swings meaningfully with news/results and business cycle: rich premium can suit selling when IV is elevated, but sizing and strike distance should widen versus low-vol names; also workable for directional buying around clear catalysts.","Crude oil price, refining margins (GRMs), government subsidy-sharing, currency","Reliance Industries Ltd, Oil & Natural Gas Corp Ltd, Indian Oil Corporation Ltd",— fill from your chart —,— fill from your chart —,— fill from your chart —,— fill from your chart —,— fill from your chart —,—,—,—,—,,— fill by running script —,— fill by running script —,— fill by running script —,— fill by running script —,— fill by running script —,— fill by running script —,— fill by running script —,— fill by running script —,— fill by running script —,— fill by running script —,— fill by running script —,— fill by running script —,— fill by running script —,— fill by running script —,— fill by running script —,— fill by running script —,— fill by running script —,41.99,-5.58,200377.0,0.7,0.0,,,,,Option Seller: Short Strangle / Iron Condor,2026-09-01 22:20,11.19,1378.0,900.0,-21.63,20.0,30.29,1.67,8.63,14.89,337.0,21.92
123,Oil India Ltd,Oil & Gas / Energy,Mid Cap,Broader Nifty universe (Next50/Midcap150/Smallcap) — verify at niftyindices.com,Medium-High,High,Both / Depends on IV,"Volatility swings meaningfully with news/results and business cycle: rich premium can suit selling when IV is elevated, but sizing and strike distance should widen versus low-vol names; also workable for directional buying around clear catalysts.","Crude oil price, refining margins (GRMs), government subsidy-sharing, currency","Reliance Industries Ltd, Oil & Natural Gas Corp Ltd, Indian Oil Corporation Ltd",— fill from your chart —,— fill from your chart —,— fill from your chart —,— fill from your chart —,— fill from your chart —,—,—,—,—,,— fill by running script —,— fill by running script —,— fill by running script —,— fill by running script —,— fill by running script —,— fill by running script —,— fill by running script —,— fill by running script —,— fill by running script —,— fill by running script —,— fill by running script —,— fill by running script —,— fill by running script —,— fill by running script —,— fill by running script —,— fill by running script —,— fill by running script —,65.0,0.57,1788773.0,0.59,0.0,490.0,28.45,0.49,480.0,Neutral / Stand Aside,2026-09-01 22:20,11.19,531.0,390.0,-7.82,25.51,12.25,11.04,2.15,9.54,269.0,24.1
124,NTPC Ltd,Power,Large Cap,Nifty 50,Medium,Very High,Selling (Premium),"Moderate, fairly range-bound volatility with strong liquidity: premium is reasonable and strikes can be placed with decent margin of safety; still check IV before results/events.","Coal availability & PLF, tariff orders, renewable-energy policy, execution of capacity addition","Power Grid Corporation of India Ltd, Tata Power Company Ltd, Adani Power Ltd",— fill from your chart —,— fill from your chart —,— fill from your chart —,— fill from your chart —,— fill from your chart —,—,—,—,—,,— fill by running script —,— fill by running script —,— fill by running script —,— fill by running script —,— fill by running script —,— fill by running script —,— fill by running script —,— fill by running script —,— fill by running script —,— fill by running script —,— fill by running script —,— fill by running script —,— fill by running script —,— fill by running script —,— fill by running script —,— fill by running script —,— fill by running script —,30.67,-0.86,7377499.0,0.82,0.0,325.0,12.45,0.45,335.0,Neutral / Stand Aside,2026-09-01 22:20,11.19,414.4,315.55,-21.09,3.63,5.78,1.07,7.0,10.01,374.0,15.21
125,Power Grid Corporation of India Ltd,Power,Large Cap,Nifty 50,Low-Medium,Very High,Selling (Premium),"Low/stable volatility + deep liquidity: OTM strikes are cheap to write but stay in a fairly predictable range, tight spreads make entry/exit efficient, and gap risk on results/news is comparatively low.","Coal availability & PLF, tariff orders, renewable-energy policy, execution of capacity addition","NTPC Ltd, Tata Power Company Ltd, Adani Power Ltd",— fill from your chart —,— fill from your chart —,— fill from your chart —,— fill from your chart —,— fill from your chart —,—,—,—,—,,— fill by running script —,— fill by running script —,— fill by running script —,— fill by running script —,— fill by running script —,— fill by running script —,— fill by running script —,— fill by running script —,— fill by running script —,— fill by running script —,— fill by running script —,— fill by running script —,— fill by running script —,— fill by running script —,— fill by running script —,— fill by running script —,— fill by running script —,35.83,0.07,8499123.0,0.99,0.0,262.5,10.25,0.68,270.0,Neutral / Stand Aside,2026-09-01 22:20,11.19,324.95,250.0,-18.99,5.3,4.33,0.59,8.34,12.95,465.0,18.9
126,Tata Power Company Ltd,Power,Large Cap,Nifty 50,High,Medium,Buying (Directional),"High to very high volatility, often driven by news flow, ownership/regulatory triggers, or a still-unprofitable/early business model: sudden large moves and gap risk make naked OTM selling dangerous; a long option (defined max loss) fits this profile better than premium selling.","Coal availability & PLF, tariff orders, renewable-energy policy, execution of capacity addition","NTPC Ltd, Power Grid Corporation of India Ltd, Adani Power Ltd",— fill from your chart —,— fill from your chart —,— fill from your chart —,— fill from your chart —,— fill from your chart —,—,—,—,—,,— fill by running script —,— fill by running script —,— fill by running script —,— fill by running script —,— fill by running script —,— fill by running script —,— fill by running script —,— fill by running script —,— fill by running script —,— fill by running script —,— fill by running script —,— fill by running script —,— fill by running script —,— fill by running script —,— fill by running script —,— fill by running script —,— fill by running script —,24.49,-3.14,3607879.0,0.75,0.0,350.0,14.3,0.67,370.0,Neutral / Stand Aside,2026-09-01 22:20,11.19,464.9,342.5,-24.74,2.16,6.69,0.83,11.57,29.02,72.0,15.88
127,Adani Power Ltd,Power,Large Cap,Broader Nifty universe (Next50/Midcap150/Smallcap) — verify at niftyindices.com,Very High,High,Buying (Directional),"High to very high volatility, often driven by news flow, ownership/regulatory triggers, or a still-unprofitable/early business model: sudden large moves and gap risk make naked OTM selling dangerous; a long option (defined max loss) fits this profile better than premium selling.","Coal availability & PLF, tariff orders, renewable-energy policy, execution of capacity addition","NTPC Ltd, Power Grid Corporation of India Ltd, Tata Power Company Ltd",— fill from your chart —,— fill from your chart —,— fill from your chart —,— fill from your chart —,— fill from your chart —,—,—,—,—,,— fill by running script —,— fill by running script —,— fill by running script —,— fill by running script —,— fill by running script —,— fill by running script —,— fill by running script —,— fill by running script —,— fill by running script —,— fill by running script —,— fill by running script —,— fill by running script —,— fill by running script —,— fill by running script —,— fill by running script —,— fill by running script —,— fill by running script —,43.94,0.25,38032254.0,1.87,0.0,205.0,13.1,0.58,210.0,Neutral / Stand Aside,2026-09-01 22:20,11.19,254.2,120.0,-20.02,69.42,5.76,2.61,6.94,27.65,,29.48
128,Adani Green Energy Ltd,Power,Large Cap,Broader Nifty universe (Next50/Midcap150/Smallcap) — verify at niftyindices.com,Very High,High,Buying (Directional),"High to very high volatility, often driven by news flow, ownership/regulatory triggers, or a still-unprofitable/early business model: sudden large moves and gap risk make naked OTM selling dangerous; a long option (defined max loss) fits this profile better than premium selling.","Coal availability & PLF, tariff orders, renewable-energy policy, execution of capacity addition","NTPC Ltd, Power Grid Corporation of India Ltd, Tata Power Company Ltd",— fill from your chart —,— fill from your chart —,— fill from your chart —,— fill from your chart —,— fill from your chart —,—,—,—,—,,— fill by running script —,— fill by running script —,— fill by running script —,— fill by running script —,— fill by running script —,— fill by running script —,— fill by running script —,— fill by running script —,— fill by running script —,— fill by running script —,— fill by running script —,— fill by running script —,— fill by running script —,— fill by running script —,— fill by running script —,— fill by running script —,— fill by running script —,37.66,-2.65,4309378.0,2.76,0.0,1260.0,85.6,0.66,1320.0,Option Buyer: Bearish Breakdown,2026-09-01 22:20,11.19,1631.5,765.0,-22.9,64.43,35.89,3.42,12.57,121.05,,37.65
129,Adani Energy Solutions Ltd,Power,Large Cap,Broader Nifty universe (Next50/Midcap150/Smallcap) — verify at niftyindices.com,Very High,High,Buying (Directional),"High to very high volatility, often driven by news flow, ownership/regulatory triggers, or a still-unprofitable/early business model: sudden large moves and gap risk make naked OTM selling dangerous; a long option (defined max loss) fits this profile better than premium selling.","Coal availability & PLF, tariff orders, renewable-energy policy, execution of capacity addition","NTPC Ltd, Power Grid Corporation of India Ltd, Tata Power Company Ltd",— fill from your chart —,— fill from your chart —,— fill from your chart —,— fill from your chart —,— fill from your chart —,—,—,—,—,,— fill by running script —,— fill by running script —,— fill by running script —,— fill by running script —,— fill by running script —,— fill by running script —,— fill by running script —,— fill by running script —,— fill by running script —,— fill by running script —,— fill by running script —,— fill by running script —,— fill by running script —,— fill by running script —,— fill by running script —,— fill by running script —,— fill by running script —,27.93,-18.72,8161918.0,1.86,0.0,1380.0,109.65,0.42,1460.0,Option Buyer: Bearish Breakdown,2026-09-01 22:20,11.19,1789.0,744.9,-22.95,85.06,59.79,0.38,21.29,57.01,,39.79
130,NHPC Ltd,Power,Mid Cap,Broader Nifty universe (Next50/Midcap150/Smallcap) — verify at niftyindices.com,High,Medium,Buying (Directional),"High to very high volatility, often driven by news flow, ownership/regulatory triggers, or a still-unprofitable/early business model: sudden large moves and gap risk make naked OTM selling dangerous; a long option (defined max loss) fits this profile better than premium selling.","Coal availability & PLF, tariff orders, renewable-energy policy, execution of capacity addition","NTPC Ltd, Power Grid Corporation of India Ltd, Tata Power Company Ltd",— fill from your chart —,— fill from your chart —,— fill from your chart —,— fill from your chart —,— fill from your chart —,—,—,—,—,,— fill by running script —,— fill by running script —,— fill by running script —,— fill by running script —,— fill by running script —,— fill by running script —,— fill by running script —,— fill by running script —,— fill by running script —,— fill by running script —,— fill by running script —,— fill by running script —,— fill by running script —,— fill by running script —,— fill by running script —,— fill by running script —,— fill by running script —,42.87,-0.03,11983253.0,1.38,0.0,76.0,3.54,0.94,76.0,Neutral / Stand Aside,2026-09-01 22:20,11.19,89.22,71.62,-15.06,5.81,1.32,1.95,9.26,27.95,210.0,16.66
131,Torrent Power Ltd,Power,Mid Cap,Broader Nifty universe (Next50/Midcap150/Smallcap) — verify at niftyindices.com,High,Medium,Buying (Directional),"High to very high volatility, often driven by news flow, ownership/regulatory triggers, or a still-unprofitable/early business model: sudden large moves and gap risk make naked OTM selling dangerous; a long option (defined max loss) fits this profile better than premium selling.","Coal availability & PLF, tariff orders, renewable-energy policy, execution of capacity addition","NTPC Ltd, Power Grid Corporation of India Ltd, Tata Power Company Ltd",— fill from your chart —,— fill from your chart —,— fill from your chart —,— fill from your chart —,— fill from your chart —,—,—,—,—,,— fill by running script —,— fill by running script —,— fill by running script —,— fill by running script —,— fill by running script —,— fill by running script —,— fill by running script —,— fill by running script —,— fill by running script —,— fill by running script —,— fill by running script —,— fill by running script —,— fill by running script —,— fill by running script —,— fill by running script —,— fill by running script —,— fill by running script —,25.91,-2.58,223287.0,0.85,0.0,,,,,Neutral / Stand Aside,2026-09-01 22:20,11.19,1824.1,1188.0,-33.12,2.69,26.55,1.72,12.54,26.48,165.0,19.01
132,JSW Energy Ltd,Power,Mid Cap,Broader Nifty universe (Next50/Midcap150/Smallcap) — verify at niftyindices.com,High,Medium,Buying (Directional),"High to very high volatility, often driven by news flow, ownership/regulatory triggers, or a still-unprofitable/early business model: sudden large moves and gap risk make naked OTM selling dangerous; a long option (defined max loss) fits this profile better than premium selling.","Coal availability & PLF, tariff orders, renewable-energy policy, execution of capacity addition","NTPC Ltd, Power Grid Corporation of India Ltd, Tata Power Company Ltd",— fill from your chart —,— fill from your chart —,— fill from your chart —,— fill from your chart —,— fill from your chart —,—,—,—,—,,— fill by running script —,— fill by running script —,— fill by running script —,— fill by running script —,— fill by running script —,— fill by running script —,— fill by running script —,— fill by running script —,— fill by running script —,— fill by running script —,— fill by running script —,— fill by running script —,— fill by running script —,— fill by running script —,— fill by running script —,— fill by running script —,— fill by running script —,29.38,-3.44,2290101.0,1.28,0.0,520.0,25.9,0.68,540.0,Neutral / Stand Aside,2026-09-01 22:20,11.19,617.35,427.75,-15.98,21.26,10.42,0.82,12.47,40.63,37.0,18.71
133,Suzlon Energy Ltd,Power / Renewable,Large Cap,Broader Nifty universe (Next50/Midcap150/Smallcap) — verify at niftyindices.com,Very High,Very High,Buying (Directional),"High to very high volatility, often driven by news flow, ownership/regulatory triggers, or a still-unprofitable/early business model: sudden large moves and gap risk make naked OTM selling dangerous; a long option (defined max loss) fits this profile better than premium selling.","Renewable policy/subsidies, execution pace, financing costs, group news flow",No close single-stock F&O peer in this list,— fill from your chart —,— fill from your chart —,— fill from your chart —,— fill from your chart —,— fill from your chart —,—,—,—,—,,— fill by running script —,— fill by running script —,— fill by running script —,— fill by running script —,— fill by running script —,— fill by running script —,— fill by running script —,— fill by running script —,— fill by running script —,— fill by running script —,— fill by running script —,— fill by running script —,— fill by running script —,— fill by running script —,— fill by running script —,— fill by running script —,— fill by running script —,37.05,0.19,39976953.0,0.98,0.0,46.0,2.97,0.49,48.0,Neutral / Stand Aside,2026-09-01 22:20,11.19,61.5,38.19,-24.6,21.42,1.01,0.97,6.36,20.31,,35.43
134,CESC Ltd,Power,Mid Cap,Broader Nifty universe (Next50/Midcap150/Smallcap) — verify at niftyindices.com,High,Medium,Buying (Directional),"High to very high volatility, often driven by news flow, ownership/regulatory triggers, or a still-unprofitable/early business model: sudden large moves and gap risk make naked OTM selling dangerous; a long option (defined max loss) fits this profile better than premium selling.","Coal availability & PLF, tariff orders, renewable-energy policy, execution of capacity addition","NTPC Ltd, Power Grid Corporation of India Ltd, Tata Power Company Ltd",— fill from your chart —,— fill from your chart —,— fill from your chart —,— fill from your chart —,— fill from your chart —,—,—,—,—,,— fill by running script —,— fill by running script —,— fill by running script —,— fill by running script —,— fill by running script —,— fill by running script —,— fill by running script —,— fill by running script —,— fill by running script —,— fill by running script —,— fill by running script —,— fill by running script —,— fill by running script —,— fill by running script —,— fill by running script —,— fill by running script —,— fill by running script —,26.42,-1.33,1361771.0,0.77,0.0,,,,,Neutral / Stand Aside,2026-09-01 22:20,11.19,204.5,138.12,-29.05,5.05,3.57,0.75,14.31,12.36,411.0,17.47
135,UltraTech Cement Ltd,Cement,Large Cap,Nifty 50,Medium,High,Selling (Premium),"Moderate, fairly range-bound volatility with strong liquidity: premium is reasonable and strikes can be placed with decent margin of safety; still check IV before results/events.","Infra & real-estate demand, fuel/power cost, pricing discipline, monsoon (construction slowdown)","Shree Cement Ltd, Ambuja Cements Ltd, ACC Ltd",— fill from your chart —,— fill from your chart —,— fill from your chart —,— fill from your chart —,— fill from your chart —,—,—,—,—,,— fill by running script —,— fill by running script —,— fill by running script —,— fill by running script —,— fill by running script —,— fill by running script —,— fill by running script —,— fill by running script —,— fill by running script —,— fill by running script —,— fill by running script —,— fill by running script —,— fill by running script —,— fill by running script —,— fill by running script —,— fill by running script —,— fill by running script —,40.92,-37.35,168152.0,0.73,0.0,11400.0,418.0,0.49,11500.0,Option Seller: Short Strangle / Iron Condor,2026-09-01 22:20,11.19,13110.0,10325.0,-13.04,10.41,173.64,0.09,7.36,39.35,207.0,15.17
136,Shree Cement Ltd,Cement,Large Cap,Broader Nifty universe (Next50/Midcap150/Smallcap) — verify at niftyindices.com,Medium,Medium,Both / Depends on IV,Volatility and liquidity are middling: workable either way depending on the specific IV level and view at the time; no strong structural edge either way.,"Infra & real-estate demand, fuel/power cost, pricing discipline, monsoon (construction slowdown)","UltraTech Cement Ltd, Ambuja Cements Ltd, ACC Ltd",— fill from your chart —,— fill from your chart —,— fill from your chart —,— fill from your chart —,— fill from your chart —,—,—,—,—,,— fill by running script —,— fill by running script —,— fill by running script —,— fill by running script —,— fill by running script —,— fill by running script —,— fill by running script —,— fill by running script —,— fill by running script —,— fill by running script —,— fill by running script —,— fill by running script —,— fill by running script —,— fill by running script —,— fill by running script —,— fill by running script —,— fill by running script —,33.42,-122.74,15342.0,0.56,0.0,23500.0,1098.25,0.43,24000.0,Neutral / Stand Aside,2026-09-01 22:21,11.19,30750.0,22550.0,-23.64,4.12,544.64,1.19,17.33,51.92,60.0,23.17
137,Ambuja Cements Ltd,Cement,Large Cap,Broader Nifty universe (Next50/Midcap150/Smallcap) — verify at niftyindices.com,Medium,Medium,Both / Depends on IV,Volatility and liquidity are middling: workable either way depending on the specific IV level and view at the time; no strong structural edge either way.,"Infra & real-estate demand, fuel/power cost, pricing discipline, monsoon (construction slowdown)","UltraTech Cement Ltd, Shree Cement Ltd, ACC Ltd",— fill from your chart —,— fill from your chart —,— fill from your chart —,— fill from your chart —,— fill from your chart —,—,—,—,—,,— fill by running script —,— fill by running script —,— fill by running script —,— fill by running script —,— fill by running script —,— fill by running script —,— fill by running script —,— fill by running script —,— fill by running script —,— fill by running script —,— fill by running script —,— fill by running script —,— fill by running script —,— fill by running script —,— fill by running script —,— fill by running script —,— fill by running script —,37.98,-1.1,1377257.0,0.5,0.0,405.0,18.85,0.73,415.0,Neutral / Stand Aside,2026-09-01 22:21,11.19,600.8,394.0,-32.93,2.27,7.96,0.48,11.8,22.53,50.0,22.17
138,ACC Ltd,Cement,Mid Cap,Broader Nifty universe (Next50/Midcap150/Smallcap) — verify at niftyindices.com,Medium,Medium,Both / Depends on IV,Volatility and liquidity are middling: workable either way depending on the specific IV level and view at the time; no strong structural edge either way.,"Infra & real-estate demand, fuel/power cost, pricing discipline, monsoon (construction slowdown)","UltraTech Cement Ltd, Shree Cement Ltd, Ambuja Cements Ltd",— fill from your chart —,— fill from your chart —,— fill from your chart —,— fill from your chart —,— fill from your chart —,—,—,—,—,,— fill by running script —,— fill by running script —,— fill by running script —,— fill by running script —,— fill by running script —,— fill by running script —,— fill by running script —,— fill by running script —,— fill by running script —,— fill by running script —,— fill by running script —,— fill by running script —,— fill by running script —,— fill by running script —,— fill by running script —,— fill by running script —,— fill by running script —,35.18,-3.21,98545.0,0.73,0.0,,,,,Neutral / Stand Aside,2026-09-01 22:21,11.19,1987.0,1251.7,-35.93,1.7,21.38,0.24,11.07,12.55,59.0,19.89
139,Grasim Industries Ltd,Cement / Diversified,Large Cap,Nifty 50,Medium,High,Selling (Premium),"Moderate, fairly range-bound volatility with strong liquidity: premium is reasonable and strikes can be placed with decent margin of safety; still check IV before results/events.","Cement demand-supply, VSF/chemicals cycle, capex plans",No close single-stock F&O peer in this list,— fill from your chart —,— fill from your chart —,— fill from your chart —,— fill from your chart —,— fill from your chart —,—,—,—,—,,— fill by running script —,— fill by running script —,— fill by running script —,— fill by running script —,— fill by running script —,— fill by running script —,— fill by running script —,— fill by running script —,— fill by running script —,— fill by running script —,— fill by running script —,— fill by running script —,— fill by running script —,— fill by running script —,— fill by running script —,— fill by running script —,— fill by running script —,54.57,-1.35,818556.0,0.7,0.0,3300.0,124.0,0.52,3240.0,Option Seller: Bear Call Spread (Call Overhang),2026-09-01 22:21,11.19,3411.1,2502.5,-3.26,31.87,66.88,4.98,3.37,39.37,30.0,27.1
140,Dalmia Bharat Ltd,Cement,Mid Cap,Broader Nifty universe (Next50/Midcap150/Smallcap) — verify at niftyindices.com,Medium,Medium,Both / Depends on IV,Volatility and liquidity are middling: workable either way depending on the specific IV level and view at the time; no strong structural edge either way.,"Infra & real-estate demand, fuel/power cost, pricing discipline, monsoon (construction slowdown)","UltraTech Cement Ltd, Shree Cement Ltd, Ambuja Cements Ltd",— fill from your chart —,— fill from your chart —,— fill from your chart —,— fill from your chart —,— fill from your chart —,—,—,—,—,,— fill by running script —,— fill by running script —,— fill by running script —,— fill by running script —,— fill by running script —,— fill by running script —,— fill by running script —,— fill by running script —,— fill by running script —,— fill by running script —,— fill by running script —,— fill by running script —,— fill by running script —,— fill by running script —,— fill by running script —,— fill by running script —,— fill by running script —,43.25,-6.63,85376.0,0.28,0.0,,,,,Option Seller: Short Strangle / Iron Condor,2026-09-01 22:21,11.19,2496.3,1605.0,-28.09,11.84,56.26,0.83,7.24,36.18,54.0,23.27
141,J K Cement Ltd,Cement,Mid Cap,Broader Nifty universe (Next50/Midcap150/Smallcap) — verify at niftyindices.com,Medium,Medium,Both / Depends on IV,Volatility and liquidity are middling: workable either way depending on the specific IV level and view at the time; no strong structural edge either way.,"Infra & real-estate demand, fuel/power cost, pricing discipline, monsoon (construction slowdown)","UltraTech Cement Ltd, Shree Cement Ltd, Ambuja Cements Ltd",— fill from your chart —,— fill from your chart —,— fill from your chart —,— fill from your chart —,— fill from your chart —,—,—,—,—,,— fill by running script —,— fill by running script —,— fill by running script —,— fill by running script —,— fill by running script —,— fill by running script —,— fill by running script —,— fill by running script —,— fill by running script —,— fill by running script —,— fill by running script —,— fill by running script —,— fill by running script —,— fill by running script —,— fill by running script —,— fill by running script —,— fill by running script —,30.48,-23.1,58279.0,2.27,0.0,,,,,Option Buyer: Bearish Breakdown,2026-09-01 22:21,11.19,7114.0,4671.5,-29.15,7.89,108.96,0.81,10.25,41.57,39.0,17.81
142,SRF Ltd,Chemicals,Mid Cap,Broader Nifty universe (Next50/Midcap150/Smallcap) — verify at niftyindices.com,Medium-High,Medium,Buying (Directional),Above-average volatility but thinner liquidity/OI than the large-cap names: wider spreads and slippage make disciplined premium selling harder to execute and exit; better suited to defined-risk directional buying.,"Crude-derivative input costs, China dumping/export competitiveness, currency","Deepak Nitrite Ltd, Aarti Industries Ltd, Pidilite Industries Ltd",— fill from your chart —,— fill from your chart —,— fill from your chart —,— fill from your chart —,— fill from your chart —,—,—,—,—,,— fill by running script —,— fill by running script —,— fill by running script —,— fill by running script —,— fill by running script —,— fill by running script —,— fill by running script —,— fill by running script —,— fill by running script —,— fill by running script —,— fill by running script —,— fill by running script —,— fill by running script —,— fill by running script —,— fill by running script —,— fill by running script —,— fill by running script —,42.33,3.25,105018.0,0.39,0.0,2600.0,115.15,0.91,2600.0,Option Seller: Short Strangle / Iron Condor,2026-09-01 22:21,11.19,3210.0,2355.0,-19.76,9.38,39.15,1.25,3.23,35.52,39.0,29.25
143,Deepak Nitrite Ltd,Chemicals,Mid Cap,Broader Nifty universe (Next50/Midcap150/Smallcap) — verify at niftyindices.com,Medium-High,Medium,Buying (Directional),Above-average volatility but thinner liquidity/OI than the large-cap names: wider spreads and slippage make disciplined premium selling harder to execute and exit; better suited to defined-risk directional buying.,"Crude-derivative input costs, China dumping/export competitiveness, currency","SRF Ltd, Aarti Industries Ltd, Pidilite Industries Ltd",— fill from your chart —,— fill from your chart —,— fill from your chart —,— fill from your chart —,— fill from your chart —,—,—,—,—,,— fill by running script —,— fill by running script —,— fill by running script —,— fill by running script —,— fill by running script —,— fill by running script —,— fill by running script —,— fill by running script —,— fill by running script —,— fill by running script —,— fill by running script —,— fill by running script —,— fill by running script —,— fill by running script —,— fill by running script —,— fill by running script —,— fill by running script —,58.23,-1.26,1005828.0,1.6,0.0,,,,,Neutral / Stand Aside,2026-09-01 22:21,11.19,1904.4,1280.0,-6.33,39.37,47.86,5.04,3.76,31.07,43.0,26.0
144,Aarti Industries Ltd,Chemicals,Mid Cap,Broader Nifty universe (Next50/Midcap150/Smallcap) — verify at niftyindices.com,Medium-High,Medium,Buying (Directional),Above-average volatility but thinner liquidity/OI than the large-cap names: wider spreads and slippage make disciplined premium selling harder to execute and exit; better suited to defined-risk directional buying.,"Crude-derivative input costs, China dumping/export competitiveness, currency","SRF Ltd, Deepak Nitrite Ltd, Pidilite Industries Ltd",— fill from your chart —,— fill from your chart —,— fill from your chart —,— fill from your chart —,— fill from your chart —,—,—,—,—,,— fill by running script —,— fill by running script —,— fill by running script —,— fill by running script —,— fill by running script —,— fill by running script —,— fill by running script —,— fill by running script —,— fill by running script —,— fill by running script —,— fill by running script —,— fill by running script —,— fill by running script —,— fill by running script —,— fill by running script —,— fill by running script —,— fill by running script —,54.82,-1.33,637770.0,0.45,0.0,,,,,Option Seller: Short Strangle / Iron Condor,2026-09-01 22:21,11.19,551.75,338.05,-4.55,55.79,16.05,8.64,4.77,35.87,19.0,28.46
145,UPL Ltd,Chemicals / Agri,Mid Cap,Broader Nifty universe (Next50/Midcap150/Smallcap) — verify at niftyindices.com,Medium-High,Medium,Buying (Directional),Above-average volatility but thinner liquidity/OI than the large-cap names: wider spreads and slippage make disciplined premium selling harder to execute and exit; better suited to defined-risk directional buying.,"Monsoon & crop protection demand, crude-derivative costs, export markets",P I Industries Ltd,— fill from your chart —,— fill from your chart —,— fill from your chart —,— fill from your chart —,— fill from your chart —,—,—,—,—,,— fill by running script —,— fill by running script —,— fill by running script —,— fill by running script —,— fill by running script —,— fill by running script —,— fill by running script —,— fill by running script —,— fill by running script —,— fill by running script —,— fill by running script —,— fill by running script —,— fill by running script —,— fill by running script —,— fill by running script —,— fill by running script —,— fill by running script —,42.73,0.65,4060300.0,2.05,0.0,570.0,26.25,0.98,580.0,Neutral / Stand Aside,2026-09-01 22:21,11.19,812.2,557.95,-30.34,1.41,9.78,1.39,4.45,23.24,105.0,25.76
146,Pidilite Industries Ltd,Chemicals,Mid Cap,Broader Nifty universe (Next50/Midcap150/Smallcap) — verify at niftyindices.com,Medium-High,Medium,Buying (Directional),Above-average volatility but thinner liquidity/OI than the large-cap names: wider spreads and slippage make disciplined premium selling harder to execute and exit; better suited to defined-risk directional buying.,"Crude-derivative input costs, China dumping/export competitiveness, currency","SRF Ltd, Deepak Nitrite Ltd, Aarti Industries Ltd",— fill from your chart —,— fill from your chart —,— fill from your chart —,— fill from your chart —,— fill from your chart —,—,—,—,—,,— fill by running script —,— fill by running script —,— fill by running script —,— fill by running script —,— fill by running script —,— fill by running script —,— fill by running script —,— fill by running script —,— fill by running script —,— fill by running script —,— fill by running script —,— fill by running script —,— fill by running script —,— fill by running script —,— fill by running script —,— fill by running script —,— fill by running script —,49.2,-5.34,990170.0,1.04,0.0,1640.0,63.85,0.77,1640.0,Neutral / Stand Aside,2026-09-01 22:21,11.19,1707.5,1259.0,-3.82,30.44,30.89,1.82,3.97,63.24,68.0,23.91
147,P I Industries Ltd,Chemicals / Agri,Mid Cap,Broader Nifty universe (Next50/Midcap150/Smallcap) — verify at niftyindices.com,Medium-High,Medium,Buying (Directional),Above-average volatility but thinner liquidity/OI than the large-cap names: wider spreads and slippage make disciplined premium selling harder to execute and exit; better suited to defined-risk directional buying.,"Monsoon & crop protection demand, crude-derivative costs, export markets",UPL Ltd,— fill from your chart —,— fill from your chart —,— fill from your chart —,— fill from your chart —,— fill from your chart —,—,—,—,—,,— fill by running script —,— fill by running script —,— fill by running script —,— fill by running script —,— fill by running script —,— fill by running script —,— fill by running script —,— fill by running script —,— fill by running script —,— fill by running script —,— fill by running script —,— fill by running script —,— fill by running script —,— fill by running script —,— fill by running script —,— fill by running script —,— fill by running script —,29.65,-13.33,139983.0,0.45,0.0,2400.0,129.95,0.6,2500.0,Neutral / Stand Aside,2026-09-01 22:21,11.19,3832.9,2370.0,-37.85,0.51,47.35,0.5,18.62,31.22,62.0,32.15
148,Tata Chemicals Ltd,Chemicals,Mid Cap,Broader Nifty universe (Next50/Midcap150/Smallcap) — verify at niftyindices.com,Medium-High,Medium,Buying (Directional),Above-average volatility but thinner liquidity/OI than the large-cap names: wider spreads and slippage make disciplined premium selling harder to execute and exit; better suited to defined-risk directional buying.,"Crude-derivative input costs, China dumping/export competitiveness, currency","SRF Ltd, Deepak Nitrite Ltd, Aarti Industries Ltd",— fill from your chart —,— fill from your chart —,— fill from your chart —,— fill from your chart —,— fill from your chart —,—,—,—,—,,— fill by running script —,— fill by running script —,— fill by running script —,— fill by running script —,— fill by running script —,— fill by running script —,— fill by running script —,— fill by running script —,— fill by running script —,— fill by running script —,— fill by running script —,— fill by running script —,— fill by running script —,— fill by running script —,— fill by running script —,— fill by running script —,— fill by running script —,37.22,1.05,363153.0,0.5,0.0,,,,,Neutral / Stand Aside,2026-09-01 22:21,11.19,1026.65,580.3,-38.27,9.22,15.62,1.55,11.85,,171.0,20.93
149,Chambal Fertilisers & Chemicals Ltd,Chemicals / Fertilizers,Mid Cap,Broader Nifty universe (Next50/Midcap150/Smallcap) — verify at niftyindices.com,High,Medium,Buying (Directional),"High to very high volatility, often driven by news flow, ownership/regulatory triggers, or a still-unprofitable/early business model: sudden large moves and gap risk make naked OTM selling dangerous; a long option (defined max loss) fits this profile better than premium selling.","Government subsidy policy, monsoon, raw material (gas/rock phosphate) prices",No close single-stock F&O peer in this list,— fill from your chart —,— fill from your chart —,— fill from your chart —,— fill from your chart —,— fill from your chart —,—,—,—,—,,— fill by running script —,— fill by running script —,— fill by running script —,— fill by running script —,— fill by running script —,— fill by running script —,— fill by running script —,— fill by running script —,— fill by running script —,— fill by running script —,— fill by running script —,— fill by running script —,— fill by running script —,— fill by running script —,— fill by running script —,— fill by running script —,— fill by running script —,28.98,-2.16,755291.0,1.39,0.0,,,,,Neutral / Stand Aside,2026-09-01 22:21,11.19,580.7,399.75,-28.73,3.53,7.83,2.08,12.64,8.57,285.0,21.06
150,Balrampur Chini Mills Ltd,Sugar / Agri,Mid Cap,Broader Nifty universe (Next50/Midcap150/Smallcap) — verify at niftyindices.com,High,Medium,Buying (Directional),"High to very high volatility, often driven by news flow, ownership/regulatory triggers, or a still-unprofitable/early business model: sudden large moves and gap risk make naked OTM selling dangerous; a long option (defined max loss) fits this profile better than premium selling.","Monsoon, sugarcane output, government export/ethanol-blending policy, global sugar prices",No close single-stock F&O peer in this list,— fill from your chart —,— fill from your chart —,— fill from your chart —,— fill from your chart —,— fill from your chart —,—,—,—,—,,— fill by running script —,— fill by running script —,— fill by running script —,— fill by running script —,— fill by running script —,— fill by running script —,— fill by running script —,— fill by running script —,— fill by running script —,— fill by running script —,— fill by running script —,— fill by running script —,— fill by running script —,— fill by running script —,— fill by running script —,— fill by running script —,— fill by running script —,52.87,-2.86,5571019.0,0.84,0.0,,,,,Option Seller: Short Strangle / Iron Condor,2026-09-01 22:21,11.19,780.95,393.55,-14.59,69.48,44.53,11.16,17.08,36.81,101.0,71.97
151,Larsen & Toubro Ltd,Capital Goods / Engineering,Large Cap,Nifty 50,Medium,Very High,Selling (Premium),"Moderate, fairly range-bound volatility with strong liquidity: premium is reasonable and strikes can be placed with decent margin of safety; still check IV before results/events.","Order inflows & order book, capex cycle, government infra spending, execution timelines","Siemens Ltd, ABB India Ltd, Bharat Heavy Electricals Ltd",— fill from your chart —,— fill from your chart —,— fill from your chart —,— fill from your chart —,— fill from your chart —,—,—,—,—,,— fill by running script —,— fill by running script —,— fill by running script —,— fill by running script —,— fill by running script —,— fill by running script —,— fill by running script —,— fill by running script —,— fill by running script —,— fill by running script —,— fill by running script —,— fill by running script —,— fill by running script —,— fill by running script —,— fill by running script —,— fill by running script —,— fill by running script —,46.37,-9.67,944703.0,0.71,0.0,4000.0,145.75,0.62,4100.0,Option Seller: Bear Call Spread (Call Overhang),2026-09-01 22:21,11.19,4440.0,3288.1,-9.93,21.62,52.25,0.58,3.16,33.02,94.0,15.51
152,Siemens Ltd,Capital Goods / Engineering,Large Cap,Broader Nifty universe (Next50/Midcap150/Smallcap) — verify at niftyindices.com,Medium,High,Selling (Premium),"Moderate, fairly range-bound volatility with strong liquidity: premium is reasonable and strikes can be placed with decent margin of safety; still check IV before results/events.","Order inflows & order book, capex cycle, government infra spending, execution timelines","Larsen & Toubro Ltd, ABB India Ltd, Bharat Heavy Electricals Ltd",— fill from your chart —,— fill from your chart —,— fill from your chart —,— fill from your chart —,— fill from your chart —,—,—,—,—,,— fill by running script —,— fill by running script —,— fill by running script —,— fill by running script —,— fill by running script —,— fill by running script —,— fill by running script —,— fill by running script —,— fill by running script —,— fill by running script —,— fill by running script —,— fill by running script —,— fill by running script —,— fill by running script —,— fill by running script —,— fill by running script —,— fill by running script —,58.64,-4.04,317161.0,0.78,0.0,4050.0,238.55,0.76,4050.0,Option Seller: Short Strangle / Iron Condor,2026-09-01 22:21,11.19,4149.4,2826.0,-2.88,42.6,90.98,4.35,2.96,84.75,45.0,24.6
153,ABB India Ltd,Capital Goods / Engineering,Large Cap,Broader Nifty universe (Next50/Midcap150/Smallcap) — verify at niftyindices.com,Medium,High,Selling (Premium),"Moderate, fairly range-bound volatility with strong liquidity: premium is reasonable and strikes can be placed with decent margin of safety; still check IV before results/events.","Order inflows & order book, capex cycle, government infra spending, execution timelines","Larsen & Toubro Ltd, Siemens Ltd, Bharat Heavy Electricals Ltd",— fill from your chart —,— fill from your chart —,— fill from your chart —,— fill from your chart —,— fill from your chart —,—,—,—,—,,— fill by running script —,— fill by running script —,— fill by running script —,— fill by running script —,— fill by running script —,— fill by running script —,— fill by running script —,— fill by running script —,— fill by running script —,— fill by running script —,— fill by running script —,— fill by running script —,— fill by running script —,— fill by running script —,— fill by running script —,— fill by running script —,— fill by running script —,45.74,-27.29,253254.0,1.48,0.0,7400.0,432.15,1.02,7500.0,Neutral / Stand Aside,2026-09-01 22:21,11.19,7924.5,4637.5,-6.71,59.42,171.75,1.18,5.95,98.8,52.0,22.6
154,Bharat Heavy Electricals Ltd,Capital Goods / Engineering,Mid Cap,Broader Nifty universe (Next50/Midcap150/Smallcap) — verify at niftyindices.com,Medium,High,Selling (Premium),"Moderate, fairly range-bound volatility with strong liquidity: premium is reasonable and strikes can be placed with decent margin of safety; still check IV before results/events.","Order inflows & order book, capex cycle, government infra spending, execution timelines","Larsen & Toubro Ltd, Siemens Ltd, ABB India Ltd",— fill from your chart —,— fill from your chart —,— fill from your chart —,— fill from your chart —,— fill from your chart —,—,—,—,—,,— fill by running script —,— fill by running script —,— fill by running script —,— fill by running script —,— fill by running script —,— fill by running script —,— fill by running script —,— fill by running script —,— fill by running script —,— fill by running script —,— fill by running script —,— fill by running script —,— fill by running script —,— fill by running script —,— fill by running script —,— fill by running script —,— fill by running script —,53.52,1.17,7144021.0,0.88,0.0,425.0,27.15,0.62,420.0,Option Seller: Bear Call Spread (Call Overhang),2026-09-01 22:21,11.19,446.5,209.6,-4.83,102.74,11.98,5.82,4.17,61.02,32.0,30.04
155,Cummins India Ltd,Capital Goods / Engineering,Mid Cap,Broader Nifty universe (Next50/Midcap150/Smallcap) — verify at niftyindices.com,Medium,High,Selling (Premium),"Moderate, fairly range-bound volatility with strong liquidity: premium is reasonable and strikes can be placed with decent margin of safety; still check IV before results/events.","Order inflows & order book, capex cycle, government infra spending, execution timelines","Larsen & Toubro Ltd, Siemens Ltd, ABB India Ltd",— fill from your chart —,— fill from your chart —,— fill from your chart —,— fill from your chart —,— fill from your chart —,—,—,—,—,,— fill by running script —,— fill by running script —,— fill by running script —,— fill by running script —,— fill by running script —,— fill by running script —,— fill by running script —,— fill by running script —,— fill by running script —,— fill by running script —,— fill by running script —,— fill by running script —,— fill by running script —,— fill by running script —,— fill by running script —,— fill by running script —,— fill by running script —,33.95,-13.46,430883.0,0.81,0.0,5100.0,249.25,1.03,5200.0,Neutral / Stand Aside,2026-09-01 22:21,11.19,6100.0,3792.0,-16.69,34.02,104.11,0.54,10.06,59.88,129.0,19.91
156,Havells India Ltd,Consumer Durables / Capital Goods,Mid Cap,Broader Nifty universe (Next50/Midcap150/Smallcap) — verify at niftyindices.com,Medium,Medium,Both / Depends on IV,Volatility and liquidity are middling: workable either way depending on the specific IV level and view at the time; no strong structural edge either way.,"Summer/festive demand, urban discretionary spending, input & freight costs",No close single-stock F&O peer in this list,— fill from your chart —,— fill from your chart —,— fill from your chart —,— fill from your chart —,— fill from your chart —,—,—,—,—,,— fill by running script —,— fill by running script —,— fill by running script —,— fill by running script —,— fill by running script —,— fill by running script —,— fill by running script —,— fill by running script —,— fill by running script —,— fill by running script —,— fill by running script —,— fill by running script —,— fill by running script —,— fill by running script —,— fill by running script —,— fill by running script —,— fill by running script —,40.37,-9.3,1005951.0,1.26,0.0,1220.0,58.2,0.73,1260.0,Neutral / Stand Aside,2026-09-01 22:21,11.19,1621.1,1123.6,-24.44,9.02,30.74,2.84,7.36,47.03,98.0,16.62
157,Voltas Ltd,Consumer Durables,Mid Cap,Broader Nifty universe (Next50/Midcap150/Smallcap) — verify at niftyindices.com,Medium,Medium,Both / Depends on IV,Volatility and liquidity are middling: workable either way depending on the specific IV level and view at the time; no strong structural edge either way.,"Seasonal demand (summer AC/appliances), urban spending, commodity input costs",Crompton Greaves Consumer Electricals Ltd,— fill from your chart —,— fill from your chart —,— fill from your chart —,— fill from your chart —,— fill from your chart —,—,—,—,—,,— fill by running script —,— fill by running script —,— fill by running script —,— fill by running script —,— fill by running script —,— fill by running script —,— fill by running script —,— fill by running script —,— fill by running script —,— fill by running script —,— fill by running script —,— fill by running script —,— fill by running script —,— fill by running script —,— fill by running script —,— fill by running script —,— fill by running script —,35.81,-4.91,288979.0,0.29,0.0,1200.0,67.25,0.7,1240.0,Neutral / Stand Aside,2026-09-01 22:21,11.19,1582.5,1182.8,-23.85,1.88,31.13,1.84,12.03,88.47,33.0,24.03
158,Polycab India Ltd,Capital Goods / Cables,Mid Cap,Broader Nifty universe (Next50/Midcap150/Smallcap) — verify at niftyindices.com,Medium-High,Medium,Buying (Directional),Above-average volatility but thinner liquidity/OI than the large-cap names: wider spreads and slippage make disciplined premium selling harder to execute and exit; better suited to defined-risk directional buying.,"Real estate & infra capex, copper/aluminium input costs, order book",No close single-stock F&O peer in this list,— fill from your chart —,— fill from your chart —,— fill from your chart —,— fill from your chart —,— fill from your chart —,—,—,—,—,,— fill by running script —,— fill by running script —,— fill by running script —,— fill by running script —,— fill by running script —,— fill by running script —,— fill by running script —,— fill by running script —,— fill by running script —,— fill by running script —,— fill by running script —,— fill by running script —,— fill by running script —,— fill by running script —,— fill by running script —,— fill by running script —,— fill by running script —,42.75,-1.91,653035.0,2.3,0.0,8900.0,475.1,0.85,9000.0,Neutral / Stand Aside,2026-09-01 22:21,11.19,10126.0,6663.0,-12.16,33.5,215.04,0.27,6.18,46.86,52.0,28.75
159,Crompton Greaves Consumer Electricals Ltd,Consumer Durables,Mid Cap,Broader Nifty universe (Next50/Midcap150/Smallcap) — verify at niftyindices.com,Medium,Medium,Both / Depends on IV,Volatility and liquidity are middling: workable either way depending on the specific IV level and view at the time; no strong structural edge either way.,"Seasonal demand (summer AC/appliances), urban spending, commodity input costs",Voltas Ltd,— fill from your chart —,— fill from your chart —,— fill from your chart —,— fill from your chart —,— fill from your chart —,—,—,—,—,,— fill by running script —,— fill by running script —,— fill by running script —,— fill by running script —,— fill by running script —,— fill by running script —,— fill by running script —,— fill by running script —,— fill by running script —,— fill by running script —,— fill by running script —,— fill by running script —,— fill by running script —,— fill by running script —,— fill by running script —,— fill by running script —,— fill by running script —,31.82,-1.29,3046723.0,0.63,0.0,230.0,13.93,0.59,245.0,Neutral / Stand Aside,2026-09-01 22:21,11.19,337.5,217.4,-31.56,6.25,6.61,1.62,17.13,,129.0,35.82
160,Dixon Technologies (India) Ltd,Consumer Durables / Electronics,Mid Cap,Broader Nifty universe (Next50/Midcap150/Smallcap) — verify at niftyindices.com,High,Medium,Buying (Directional),"High to very high volatility, often driven by news flow, ownership/regulatory triggers, or a still-unprofitable/early business model: sudden large moves and gap risk make naked OTM selling dangerous; a long option (defined max loss) fits this profile better than premium selling.","PLI scheme execution, consumer electronics demand, contract-manufacturing wins",No close single-stock F&O peer in this list,— fill from your chart —,— fill from your chart —,— fill from your chart —,— fill from your chart —,— fill from your chart —,—,—,—,—,,— fill by running script —,— fill by running script —,— fill by running script —,— fill by running script —,— fill by running script —,— fill by running script —,— fill by running script —,— fill by running script —,— fill by running script —,— fill by running script —,— fill by running script —,— fill by running script —,— fill by running script —,— fill by running script —,— fill by running script —,— fill by running script —,— fill by running script —,54.07,-22.38,229903.0,0.65,0.0,14500.0,921.05,0.61,14500.0,Option Seller: Bear Call Spread (Call Overhang),2026-09-01 22:21,11.19,18471.0,9600.0,-21.5,51.04,361.86,5.9,3.45,42.34,5.0,23.63
161,Astral Ltd,Capital Goods / Pipes,Mid Cap,Broader Nifty universe (Next50/Midcap150/Smallcap) — verify at niftyindices.com,Medium-High,Medium,Buying (Directional),Above-average volatility but thinner liquidity/OI than the large-cap names: wider spreads and slippage make disciplined premium selling harder to execute and exit; better suited to defined-risk directional buying.,"Real estate/infra demand, PVC resin prices, monsoon (construction slowdown)",No close single-stock F&O peer in this list,— fill from your chart —,— fill from your chart —,— fill from your chart —,— fill from your chart —,— fill from your chart —,—,—,—,—,,— fill by running script —,— fill by running script —,— fill by running script —,— fill by running script —,— fill by running script —,— fill by running script —,— fill by running script —,— fill by running script —,— fill by running script —,— fill by running script —,— fill by running script —,— fill by running script —,— fill by running script —,— fill by running script —,— fill by running script —,— fill by running script —,— fill by running script —,51.92,-3.43,726492.0,0.47,0.0,1500.0,78.55,0.53,1540.0,Option Seller: Bear Call Spread (Call Overhang),2026-09-01 22:21,11.19,1768.7,1311.6,-14.81,14.87,40.93,5.89,6.19,70.22,26.0,31.47
162,Bharat Electronics Ltd,Defence / Capital Goods,Large Cap,Nifty 50,High,Very High,Buying (Directional),"High to very high volatility, often driven by news flow, ownership/regulatory triggers, or a still-unprofitable/early business model: sudden large moves and gap risk make naked OTM selling dangerous; a long option (defined max loss) fits this profile better than premium selling.","Government defence budget & orders, export deals, indigenization (Make in India) policy",Hindustan Aeronautics Ltd,— fill from your chart —,— fill from your chart —,— fill from your chart —,— fill from your chart —,— fill from your chart —,—,—,—,—,,— fill by running script —,— fill by running script —,— fill by running script —,— fill by running script —,— fill by running script —,— fill by running script —,— fill by running script —,— fill by running script —,— fill by running script —,— fill by running script —,— fill by running script —,— fill by running script —,— fill by running script —,— fill by running script —,— fill by running script —,— fill by running script —,— fill by running script —,52.74,0.54,5628444.0,0.56,0.0,410.0,18.4,0.78,410.0,Option Seller: Short Strangle / Iron Condor,2026-09-01 22:21,11.19,473.45,368.5,-13.3,11.4,6.41,6.16,1.43,48.89,60.0,18.99
163,Hindustan Aeronautics Ltd,Defence / Capital Goods,Large Cap,Broader Nifty universe (Next50/Midcap150/Smallcap) — verify at niftyindices.com,High,Very High,Buying (Directional),"High to very high volatility, often driven by news flow, ownership/regulatory triggers, or a still-unprofitable/early business model: sudden large moves and gap risk make naked OTM selling dangerous; a long option (defined max loss) fits this profile better than premium selling.","Government defence budget & orders, export deals, indigenization (Make in India) policy",Bharat Electronics Ltd,— fill from your chart —,— fill from your chart —,— fill from your chart —,— fill from your chart —,— fill from your chart —,—,—,—,—,,— fill by running script —,— fill by running script —,— fill by running script —,— fill by running script —,— fill by running script —,— fill by running script —,— fill by running script —,— fill by running script —,— fill by running script —,— fill by running script —,— fill by running script —,— fill by running script —,— fill by running script —,— fill by running script —,— fill by running script —,— fill by running script —,— fill by running script —,47.3,-38.51,492865.0,0.44,0.0,4800.0,254.1,0.71,4900.0,Option Seller: Short Strangle / Iron Condor,2026-09-01 22:21,11.19,5149.9,3479.1,-6.87,37.85,96.27,4.02,7.38,34.46,41.0,22.05
164,Cochin Shipyard Ltd,Defence / Shipbuilding,Mid Cap,Broader Nifty universe (Next50/Midcap150/Smallcap) — verify at niftyindices.com,Very High,Medium,Buying (Directional),"High to very high volatility, often driven by news flow, ownership/regulatory triggers, or a still-unprofitable/early business model: sudden large moves and gap risk make naked OTM selling dangerous; a long option (defined max loss) fits this profile better than premium selling.","Defence/naval order wins, government capex, execution timelines",Mazagon Dock Shipbuilders Ltd,— fill from your chart —,— fill from your chart —,— fill from your chart —,— fill from your chart —,— fill from your chart —,—,—,—,—,,— fill by running script —,— fill by running script —,— fill by running script —,— fill by running script —,— fill by running script —,— fill by running script —,— fill by running script —,— fill by running script —,— fill by running script —,— fill by running script —,— fill by running script —,— fill by running script —,— fill by running script —,— fill by running script —,— fill by running script —,— fill by running script —,— fill by running script —,46.7,-1.58,404766.0,0.38,0.0,1460.0,87.25,0.44,1500.0,Option Seller: Bear Call Spread (Call Overhang),2026-09-01 22:21,11.19,1979.9,1187.0,-25.75,23.84,37.04,3.7,7.34,57.16,86.0,25.72
165,Mazagon Dock Shipbuilders Ltd,Defence / Shipbuilding,Mid Cap,Broader Nifty universe (Next50/Midcap150/Smallcap) — verify at niftyindices.com,Very High,Medium,Buying (Directional),"High to very high volatility, often driven by news flow, ownership/regulatory triggers, or a still-unprofitable/early business model: sudden large moves and gap risk make naked OTM selling dangerous; a long option (defined max loss) fits this profile better than premium selling.","Defence/naval order wins, government capex, execution timelines",Cochin Shipyard Ltd,— fill from your chart —,— fill from your chart —,— fill from your chart —,— fill from your chart —,— fill from your chart —,—,—,—,—,,— fill by running script —,— fill by running script —,— fill by running script —,— fill by running script —,— fill by running script —,— fill by running script —,— fill by running script —,— fill by running script —,— fill by running script —,— fill by running script —,— fill by running script —,— fill by running script —,— fill by running script —,— fill by running script —,— fill by running script —,— fill by running script —,— fill by running script —,44.99,-12.91,472178.0,0.48,0.0,2500.0,153.05,0.56,2550.0,Option Seller: Short Strangle / Iron Condor,2026-09-01 22:21,11.19,3061.4,2057.4,-19.15,20.31,59.24,4.32,7.34,37.39,82.0,26.83
166,Bharat Dynamics Ltd,Defence,Mid Cap,Broader Nifty universe (Next50/Midcap150/Smallcap) — verify at niftyindices.com,Very High,Medium,Buying (Directional),"High to very high volatility, often driven by news flow, ownership/regulatory triggers, or a still-unprofitable/early business model: sudden large moves and gap risk make naked OTM selling dangerous; a long option (defined max loss) fits this profile better than premium selling.","Government defence orders, export approvals, execution pace",No close single-stock F&O peer in this list,— fill from your chart —,— fill from your chart —,— fill from your chart —,— fill from your chart —,— fill from your chart —,—,—,—,—,,— fill by running script —,— fill by running script —,— fill by running script —,— fill by running script —,— fill by running script —,— fill by running script —,— fill by running script —,— fill by running script —,— fill by running script —,— fill by running script —,— fill by running script —,— fill by running script —,— fill by running script —,— fill by running script —,— fill by running script —,— fill by running script —,— fill by running script —,37.87,-11.51,1100052.0,0.54,0.0,1260.0,86.35,0.6,1300.0,Neutral / Stand Aside,2026-09-01 22:21,11.19,1654.0,1086.0,-24.4,15.15,46.1,1.44,14.17,88.34,40.0,29.91
167,Adani Ports & Special Economic Zone Ltd,Infrastructure / Ports,Large Cap,Nifty 50,High,Very High,Buying (Directional),"High to very high volatility, often driven by news flow, ownership/regulatory triggers, or a still-unprofitable/early business model: sudden large moves and gap risk make naked OTM selling dangerous; a long option (defined max loss) fits this profile better than premium selling.","Trade volumes, capex, tariff regulation",No close single-stock F&O peer in this list,— fill from your chart —,— fill from your chart —,— fill from your chart —,— fill from your chart —,— fill from your chart —,—,—,—,—,,— fill by running script —,— fill by running script —,— fill by running script —,— fill by running script —,— fill by running script —,— fill by running script —,— fill by running script —,— fill by running script —,— fill by running script —,— fill by running script —,— fill by running script —,— fill by running script —,— fill by running script —,— fill by running script —,— fill by running script —,— fill by running script —,— fill by running script —,41.86,-0.82,3770354.0,1.65,0.0,1640.0,74.7,0.75,1700.0,Neutral / Stand Aside,2026-09-01 22:21,11.19,1891.1,1292.0,-12.85,27.55,35.61,3.33,4.61,28.1,47.0,30.23
168,Container Corporation of India Ltd,Infrastructure / Logistics,Mid Cap,Broader Nifty universe (Next50/Midcap150/Smallcap) — verify at niftyindices.com,Medium,Medium,Both / Depends on IV,Volatility and liquidity are middling: workable either way depending on the specific IV level and view at the time; no strong structural edge either way.,"Trade/EXIM volumes, rail freight policy, fuel costs",No close single-stock F&O peer in this list,— fill from your chart —,— fill from your chart —,— fill from your chart —,— fill from your chart —,— fill from your chart —,—,—,—,—,,— fill by running script —,— fill by running script —,— fill by running script —,— fill by running script —,— fill by running script —,— fill by running script —,— fill by running script —,— fill by running script —,— fill by running script —,— fill by running script —,— fill by running script —,— fill by running script —,— fill by running script —,— fill by running script —,— fill by running script —,— fill by running script —,— fill by running script —,51.81,-2.04,1247573.0,0.79,0.0,515.0,27.7,0.57,520.0,Option Seller: Bear Call Spread (Call Overhang),2026-09-01 22:21,11.19,569.8,421.45,-9.89,21.83,13.36,3.97,5.89,31.38,125.0,33.8
169,Rail Vikas Nigam Ltd,Infrastructure / Construction,Mid Cap,Broader Nifty universe (Next50/Midcap150/Smallcap) — verify at niftyindices.com,Very High,High,Buying (Directional),"High to very high volatility, often driven by news flow, ownership/regulatory triggers, or a still-unprofitable/early business model: sudden large moves and gap risk make naked OTM selling dangerous; a long option (defined max loss) fits this profile better than premium selling.","Government capex announcements, order inflows, execution pace",NBCC (India) Ltd,— fill from your chart —,— fill from your chart —,— fill from your chart —,— fill from your chart —,— fill from your chart —,—,—,—,—,,— fill by running script —,— fill by running script —,— fill by running script —,— fill by running script —,— fill by running script —,— fill by running script —,— fill by running script —,— fill by running script —,— fill by running script —,— fill by running script —,— fill by running script —,— fill by running script —,— fill by running script —,— fill by running script —,— fill by running script —,— fill by running script —,— fill by running script —,28.94,-1.67,3502970.0,0.87,0.0,210.0,12.95,0.63,220.0,Neutral / Stand Aside,2026-09-01 22:21,11.19,400.7,208.0,-48.0,0.18,5.06,0.18,13.62,48.35,160.0,21.4
170,NBCC (India) Ltd,Infrastructure / Construction,Mid Cap,Broader Nifty universe (Next50/Midcap150/Smallcap) — verify at niftyindices.com,High,Medium,Buying (Directional),"High to very high volatility, often driven by news flow, ownership/regulatory triggers, or a still-unprofitable/early business model: sudden large moves and gap risk make naked OTM selling dangerous; a long option (defined max loss) fits this profile better than premium selling.","Government capex announcements, order inflows, execution pace",Rail Vikas Nigam Ltd,— fill from your chart —,— fill from your chart —,— fill from your chart —,— fill from your chart —,— fill from your chart —,—,—,—,—,,— fill by running script —,— fill by running script —,— fill by running script —,— fill by running script —,— fill by running script —,— fill by running script —,— fill by running script —,— fill by running script —,— fill by running script —,— fill by running script —,— fill by running script —,— fill by running script —,— fill by running script —,— fill by running script —,— fill by running script —,— fill by running script —,— fill by running script —,27.58,-0.15,4390141.0,0.75,0.0,85.0,4.89,0.48,90.0,Neutral / Stand Aside,2026-09-01 22:21,11.19,125.85,77.18,-32.3,10.39,1.76,0.23,13.8,30.98,125.0,18.52
171,DLF Ltd,Realty,Large Cap,Broader Nifty universe (Next50/Midcap150/Smallcap) — verify at niftyindices.com,High,High,Buying (Directional),"High to very high volatility, often driven by news flow, ownership/regulatory triggers, or a still-unprofitable/early business model: sudden large moves and gap risk make naked OTM selling dangerous; a long option (defined max loss) fits this profile better than premium selling.","Interest rates, launch & sales volumes, inventory levels, urban housing demand","Godrej Properties Ltd, Oberoi Realty Ltd, Prestige Estates Projects Ltd",— fill from your chart —,— fill from your chart —,— fill from your chart —,— fill from your chart —,— fill from your chart —,—,—,—,—,,— fill by running script —,— fill by running script —,— fill by running script —,— fill by running script —,— fill by running script —,— fill by running script —,— fill by running script —,— fill by running script —,— fill by running script —,— fill by running script —,— fill by running script —,— fill by running script —,— fill by running script —,— fill by running script —,— fill by running script —,— fill by running script —,— fill by running script —,53.33,0.35,3403562.0,1.12,0.0,670.0,37.35,0.66,680.0,Option Seller: Bear Call Spread (Call Overhang),2026-09-01 22:21,11.19,794.8,489.4,-15.07,37.92,15.45,5.92,2.38,37.57,118.0,25.32
172,Godrej Properties Ltd,Realty,Mid Cap,Broader Nifty universe (Next50/Midcap150/Smallcap) — verify at niftyindices.com,High,High,Buying (Directional),"High to very high volatility, often driven by news flow, ownership/regulatory triggers, or a still-unprofitable/early business model: sudden large moves and gap risk make naked OTM selling dangerous; a long option (defined max loss) fits this profile better than premium selling.","Interest rates, launch & sales volumes, inventory levels, urban housing demand","DLF Ltd, Oberoi Realty Ltd, Prestige Estates Projects Ltd",— fill from your chart —,— fill from your chart —,— fill from your chart —,— fill from your chart —,— fill from your chart —,—,—,—,—,,— fill by running script —,— fill by running script —,— fill by running script —,— fill by running script —,— fill by running script —,— fill by running script —,— fill by running script —,— fill by running script —,— fill by running script —,— fill by running script —,— fill by running script —,— fill by running script —,— fill by running script —,— fill by running script —,— fill by running script —,— fill by running script —,— fill by running script —,42.47,-6.88,329259.0,0.59,0.0,1980.0,124.85,0.61,2000.0,Option Seller: Short Strangle / Iron Condor,2026-09-01 22:21,11.19,2352.0,1434.0,-16.03,37.73,50.46,0.63,8.55,37.19,50.0,30.3
173,Oberoi Realty Ltd,Realty,Mid Cap,Broader Nifty universe (Next50/Midcap150/Smallcap) — verify at niftyindices.com,High,High,Buying (Directional),"High to very high volatility, often driven by news flow, ownership/regulatory triggers, or a still-unprofitable/early business model: sudden large moves and gap risk make naked OTM selling dangerous; a long option (defined max loss) fits this profile better than premium selling.","Interest rates, launch & sales volumes, inventory levels, urban housing demand","DLF Ltd, Godrej Properties Ltd, Prestige Estates Projects Ltd",— fill from your chart —,— fill from your chart —,— fill from your chart —,— fill from your chart —,— fill from your chart —,—,—,—,—,,— fill by running script —,— fill by running script —,— fill by running script —,— fill by running script —,— fill by running script —,— fill by running script —,— fill by running script —,— fill by running script —,— fill by running script —,— fill by running script —,— fill by running script —,— fill by running script —,— fill by running script —,— fill by running script —,— fill by running script —,— fill by running script —,— fill by running script —,54.46,-0.19,211011.0,0.43,0.0,1880.0,109.35,0.5,1900.0,Option Seller: Bear Call Spread (Call Overhang),2026-09-01 22:21,11.19,1986.1,1391.2,-5.59,34.78,49.73,5.92,4.57,26.02,43.0,27.48
174,Prestige Estates Projects Ltd,Realty,Mid Cap,Broader Nifty universe (Next50/Midcap150/Smallcap) — verify at niftyindices.com,High,High,Buying (Directional),"High to very high volatility, often driven by news flow, ownership/regulatory triggers, or a still-unprofitable/early business model: sudden large moves and gap risk make naked OTM selling dangerous; a long option (defined max loss) fits this profile better than premium selling.","Interest rates, launch & sales volumes, inventory levels, urban housing demand","DLF Ltd, Godrej Properties Ltd, Oberoi Realty Ltd",— fill from your chart —,— fill from your chart —,— fill from your chart —,— fill from your chart —,— fill from your chart —,—,—,—,—,,— fill by running script —,— fill by running script —,— fill by running script —,— fill by running script —,— fill by running script —,— fill by running script —,— fill by running script —,— fill by running script —,— fill by running script —,— fill by running script —,— fill by running script —,— fill by running script —,— fill by running script —,— fill by running script —,— fill by running script —,— fill by running script —,— fill by running script —,44.23,-1.4,701659.0,1.4,0.0,1560.0,100.8,0.9,1600.0,Neutral / Stand Aside,2026-09-01 22:21,11.19,1805.2,1090.0,-13.03,44.04,45.01,1.78,5.18,59.36,12.0,33.7
175,Macrotech Developers Ltd,Realty,Mid Cap,Broader Nifty universe (Next50/Midcap150/Smallcap) — verify at niftyindices.com,High,High,Buying (Directional),"High to very high volatility, often driven by news flow, ownership/regulatory triggers, or a still-unprofitable/early business model: sudden large moves and gap risk make naked OTM selling dangerous; a long option (defined max loss) fits this profile better than premium selling.","Interest rates, launch & sales volumes, inventory levels, urban housing demand","DLF Ltd, Godrej Properties Ltd, Oberoi Realty Ltd",— fill from your chart —,— fill from your chart —,— fill from your chart —,— fill from your chart —,— fill from your chart —,—,—,—,—,,— fill by running script —,— fill by running script —,— fill by running script —,— fill by running script —,— fill by running script —,— fill by running script —,— fill by running script —,— fill by running script —,— fill by running script —,— fill by running script —,— fill by running script —,— fill by running script —,— fill by running script —,— fill by running script —,— fill by running script —,— fill by running script —,— fill by running script —,47.09,-9.14,1844689.0,1.46,0.0,1200.0,82.55,1.02,1220.0,Neutral / Stand Aside,2026-09-01 22:21,11.19,1344.95,650.8,-10.67,84.6,38.74,1.78,8.78,28.96,35.0,42.29
176,Bharti Airtel Ltd,Telecom,Large Cap,Nifty 50,Medium,Very High,Selling (Premium),"Moderate, fairly range-bound volatility with strong liquidity: premium is reasonable and strikes can be placed with decent margin of safety; still check IV before results/events.","Tariff hikes, subscriber additions/ARPU trends, spectrum payment schedule, 5G capex","Vodafone Idea Ltd, Tata Communications Ltd",— fill from your chart —,— fill from your chart —,— fill from your chart —,— fill from your chart —,— fill from your chart —,—,—,—,—,,— fill by running script —,— fill by running script —,— fill by running script —,— fill by running script —,— fill by running script —,— fill by running script —,— fill by running script —,— fill by running script —,— fill by running script —,— fill by running script —,— fill by running script —,— fill by running script —,— fill by running script —,— fill by running script —,— fill by running script —,— fill by running script —,— fill by running script —,42.63,-12.98,9900740.0,1.35,0.0,1860.0,66.9,0.7,1900.0,Neutral / Stand Aside,2026-09-01 22:21,11.19,2174.5,1740.5,-14.1,7.33,38.87,3.0,8.73,39.25,127.0,23.5
177,Vodafone Idea Ltd,Telecom,Large Cap,Broader Nifty universe (Next50/Midcap150/Smallcap) — verify at niftyindices.com,Very High,Very High,Buying (Directional),"High to very high volatility, often driven by news flow, ownership/regulatory triggers, or a still-unprofitable/early business model: sudden large moves and gap risk make naked OTM selling dangerous; a long option (defined max loss) fits this profile better than premium selling.","Tariff hikes, subscriber additions/ARPU trends, spectrum payment schedule, 5G capex","Bharti Airtel Ltd, Tata Communications Ltd",— fill from your chart —,— fill from your chart —,— fill from your chart —,— fill from your chart —,— fill from your chart —,—,—,—,—,,— fill by running script —,— fill by running script —,— fill by running script —,— fill by running script —,— fill by running script —,— fill by running script —,— fill by running script —,— fill by running script —,— fill by running script —,— fill by running script —,— fill by running script —,— fill by running script —,— fill by running script —,— fill by running script —,— fill by running script —,— fill by running script —,— fill by running script —,51.24,0.05,316789599.0,0.67,0.0,14.0,1.0,0.48,15.0,Option Seller: Bear Call Spread (Call Overhang),2026-09-01 22:21,11.19,15.37,6.46,-8.59,117.49,0.51,10.32,9.4,4.03,,36.07
178,Indus Towers Ltd,Telecom / Infrastructure,Mid Cap,Broader Nifty universe (Next50/Midcap150/Smallcap) — verify at niftyindices.com,Medium,Medium,Both / Depends on IV,Volatility and liquidity are middling: workable either way depending on the specific IV level and view at the time; no strong structural edge either way.,"Tenancy/tower additions, telco capex cycle, tariff hikes (indirect)",No close single-stock F&O peer in this list,— fill from your chart —,— fill from your chart —,— fill from your chart —,— fill from your chart —,— fill from your chart —,—,—,—,—,,— fill by running script —,— fill by running script —,— fill by running script —,— fill by running script —,— fill by running script —,— fill by running script —,— fill by running script —,— fill by running script —,— fill by running script —,— fill by running script —,— fill by running script —,— fill by running script —,— fill by running script —,— fill by running script —,— fill by running script —,— fill by running script —,— fill by running script —,47.58,0.93,5558555.0,1.05,0.0,375.0,18.4,0.56,380.0,Option Seller: Bear Call Spread (Call Overhang),2026-09-01 22:21,11.19,481.5,312.55,-22.01,20.14,8.73,3.2,3.7,13.82,368.0,27.04
179,Tata Communications Ltd,Telecom,Mid Cap,Broader Nifty universe (Next50/Midcap150/Smallcap) — verify at niftyindices.com,Medium-High,High,Both / Depends on IV,"Volatility swings meaningfully with news/results and business cycle: rich premium can suit selling when IV is elevated, but sizing and strike distance should widen versus low-vol names; also workable for directional buying around clear catalysts.","Tariff hikes, subscriber additions/ARPU trends, spectrum payment schedule, 5G capex","Bharti Airtel Ltd, Vodafone Idea Ltd",— fill from your chart —,— fill from your chart —,— fill from your chart —,— fill from your chart —,— fill from your chart —,—,—,—,—,,— fill by running script —,— fill by running script —,— fill by running script —,— fill by running script —,— fill by running script —,— fill by running script —,— fill by running script —,— fill by running script —,— fill by running script —,— fill by running script —,— fill by running script —,— fill by running script —,— fill by running script —,— fill by running script —,— fill by running script —,— fill by running script —,— fill by running script —,51.0,8.87,196386.0,0.76,0.0,,,,,Option Seller: Short Strangle / Iron Condor,2026-09-01 22:21,11.19,2110.0,1322.5,-17.68,31.34,44.44,5.57,2.69,52.4,102.0,25.0
180,Zee Entertainment Enterprises Ltd,Media & Entertainment,Large Cap,Broader Nifty universe (Next50/Midcap150/Smallcap) — verify at niftyindices.com,Very High,Very High,Buying (Directional),"High to very high volatility, often driven by news flow, ownership/regulatory triggers, or a still-unprofitable/early business model: sudden large moves and gap risk make naked OTM selling dangerous; a long option (defined max loss) fits this profile better than premium selling.","Ad revenue trends, subscriber/viewership numbers, content costs, ownership/regulatory news",No close single-stock F&O peer in this list,— fill from your chart —,— fill from your chart —,— fill from your chart —,— fill from your chart —,— fill from your chart —,—,—,—,—,,— fill by running script —,— fill by running script —,— fill by running script —,— fill by running script —,— fill by running script —,— fill by running script —,— fill by running script —,— fill by running script —,— fill by running script —,— fill by running script —,— fill by running script —,— fill by running script —,— fill by running script —,— fill by running script —,— fill by running script —,— fill by running script —,— fill by running script —,37.8,-0.83,34196527.0,0.94,0.0,,,,,Neutral / Stand Aside,2026-09-01 22:21,11.19,121.8,68.0,-23.44,37.13,5.66,6.81,18.64,44.27,214.0,67.03
181,Trent Ltd,Retail,Large Cap,Nifty 50,Medium,High,Selling (Premium),"Moderate, fairly range-bound volatility with strong liquidity: premium is reasonable and strikes can be placed with decent margin of safety; still check IV before results/events.","Festive/discretionary spending, same-store sales growth, urban consumption trend","Avenue Supermarts Ltd (DMart), Aditya Birla Fashion & Retail Ltd",— fill from your chart —,— fill from your chart —,— fill from your chart —,— fill from your chart —,— fill from your chart —,—,—,—,—,,— fill by running script —,— fill by running script —,— fill by running script —,— fill by running script —,— fill by running script —,— fill by running script —,— fill by running script —,— fill by running script —,— fill by running script —,— fill by running script —,— fill by running script —,— fill by running script —,— fill by running script —,— fill by running script —,— fill by running script —,— fill by running script —,— fill by running script —,37.39,-11.03,652244.0,0.67,0.0,2850.0,156.75,0.5,2900.0,Neutral / Stand Aside,2026-09-01 22:21,11.19,5674.0,2183.67,-49.63,30.89,48.14,0.07,13.52,84.02,14.0,18.51
182,Avenue Supermarts Ltd (DMart),Retail,Large Cap,Broader Nifty universe (Next50/Midcap150/Smallcap) — verify at niftyindices.com,Medium,High,Selling (Premium),"Moderate, fairly range-bound volatility with strong liquidity: premium is reasonable and strikes can be placed with decent margin of safety; still check IV before results/events.","Festive/discretionary spending, same-store sales growth, urban consumption trend","Trent Ltd, Aditya Birla Fashion & Retail Ltd",— fill from your chart —,— fill from your chart —,— fill from your chart —,— fill from your chart —,— fill from your chart —,—,—,—,—,,— fill by running script —,— fill by running script —,— fill by running script —,— fill by running script —,— fill by running script —,— fill by running script —,— fill by running script —,— fill by running script —,— fill by running script —,— fill by running script —,— fill by running script —,— fill by running script —,— fill by running script —,— fill by running script —,— fill by running script —,— fill by running script —,— fill by running script —,37.82,-12.03,382602.0,0.84,0.0,3800.0,178.75,0.62,3900.0,Neutral / Stand Aside,2026-09-01 22:21,11.19,4949.5,3529.0,-23.12,7.82,89.53,1.78,7.72,81.71,,24.69
183,Aditya Birla Fashion & Retail Ltd,Retail,Mid Cap,Broader Nifty universe (Next50/Midcap150/Smallcap) — verify at niftyindices.com,Medium,High,Selling (Premium),"Moderate, fairly range-bound volatility with strong liquidity: premium is reasonable and strikes can be placed with decent margin of safety; still check IV before results/events.","Festive/discretionary spending, same-store sales growth, urban consumption trend","Trent Ltd, Avenue Supermarts Ltd (DMart)",— fill from your chart —,— fill from your chart —,— fill from your chart —,— fill from your chart —,— fill from your chart —,—,—,—,—,,— fill by running script —,— fill by running script —,— fill by running script —,— fill by running script —,— fill by running script —,— fill by running script —,— fill by running script —,— fill by running script —,— fill by running script —,— fill by running script —,— fill by running script —,— fill by running script —,— fill by running script —,— fill by running script —,— fill by running script —,— fill by running script —,— fill by running script —,26.47,-0.42,3376116.0,0.52,0.0,,,,,Neutral / Stand Aside,2026-09-01 22:21,11.19,94.95,50.6,-46.29,0.79,1.24,0.78,25.69,,,28.67
184,Titan Company Ltd,Retail / Consumer Durables,Large Cap,Nifty 50,Medium,Very High,Selling (Premium),"Moderate, fairly range-bound volatility with strong liquidity: premium is reasonable and strikes can be placed with decent margin of safety; still check IV before results/events.","Festive demand, urban discretionary spending, gold/jewellery price trends",No close single-stock F&O peer in this list,— fill from your chart —,— fill from your chart —,— fill from your chart —,— fill from your chart —,— fill from your chart —,—,—,—,—,,— fill by running script —,— fill by running script —,— fill by running script —,— fill by running script —,— fill by running script —,— fill by running script —,— fill by running script —,— fill by running script —,— fill by running script —,— fill by running script —,— fill by running script —,— fill by running script —,— fill by running script —,— fill by running script —,— fill by running script —,— fill by running script —,— fill by running script —,54.19,-20.21,466855.0,0.56,0.0,5050.0,187.9,0.75,5000.0,Option Seller: Short Strangle / Iron Condor,2026-09-01 22:22,11.19,5186.7,3303.1,-3.01,52.3,67.72,2.95,3.11,77.93,29.0,17.48
185,Page Industries Ltd,Retail / Textiles,Mid Cap,Broader Nifty universe (Next50/Midcap150/Smallcap) — verify at niftyindices.com,Medium,Medium,Both / Depends on IV,Volatility and liquidity are middling: workable either way depending on the specific IV level and view at the time; no strong structural edge either way.,"Discretionary apparel demand, input cotton/fabric costs, export orders",No close single-stock F&O peer in this list,— fill from your chart —,— fill from your chart —,— fill from your chart —,— fill from your chart —,— fill from your chart —,—,—,—,—,,— fill by running script —,— fill by running script —,— fill by running script —,— fill by running script —,— fill by running script —,— fill by running script —,— fill by running script —,— fill by running script —,— fill by running script —,— fill by running script —,— fill by running script —,— fill by running script —,— fill by running script —,— fill by running script —,— fill by running script —,— fill by running script —,— fill by running script —,34.3,1.39,15534.0,0.46,0.0,35500.0,1742.5,0.52,36000.0,Neutral / Stand Aside,2026-09-01 22:22,11.19,45890.0,29805.0,-22.64,19.11,874.64,1.13,13.68,52.73,223.0,24.58
186,Jubilant Foodworks Ltd,Retail / QSR,Mid Cap,Broader Nifty universe (Next50/Midcap150/Smallcap) — verify at niftyindices.com,Medium-High,Medium,Buying (Directional),Above-average volatility but thinner liquidity/OI than the large-cap names: wider spreads and slippage make disciplined premium selling harder to execute and exit; better suited to defined-risk directional buying.,"Urban footfall & discretionary food spending, input (cheese/wheat) costs, store expansion pace",No close single-stock F&O peer in this list,— fill from your chart —,— fill from your chart —,— fill from your chart —,— fill from your chart —,— fill from your chart —,—,—,—,—,,— fill by running script —,— fill by running script —,— fill by running script —,— fill by running script —,— fill by running script —,— fill by running script —,— fill by running script —,— fill by running script —,— fill by running script —,— fill by running script —,— fill by running script —,— fill by running script —,— fill by running script —,— fill by running script —,— fill by running script —,— fill by running script —,— fill by running script —,49.98,-3.9,686008.0,0.2,0.0,485.0,29.2,0.57,500.0,Option Seller: Bear Call Spread (Call Overhang),2026-09-01 22:22,11.19,667.75,408.55,-27.62,18.3,16.29,3.23,9.22,85.73,24.0,35.47
187,InterGlobe Aviation Ltd (IndiGo),Aviation,Large Cap,Nifty 50,High,High,Buying (Directional),"High to very high volatility, often driven by news flow, ownership/regulatory triggers, or a still-unprofitable/early business model: sudden large moves and gap risk make naked OTM selling dangerous; a long option (defined max loss) fits this profile better than premium selling.","Crude/ATF prices, currency (USD-denominated leases), capacity additions, travel demand",No close single-stock F&O peer in this list,— fill from your chart —,— fill from your chart —,— fill from your chart —,— fill from your chart —,— fill from your chart —,—,—,—,—,,— fill by running script —,— fill by running script —,— fill by running script —,— fill by running script —,— fill by running script —,— fill by running script —,— fill by running script —,— fill by running script —,— fill by running script —,— fill by running script —,— fill by running script —,— fill by running script —,— fill by running script —,— fill by running script —,— fill by running script —,— fill by running script —,— fill by running script —,39.85,-20.37,788457.0,1.63,0.0,5000.0,274.3,0.76,5200.0,Option Buyer: Bearish Breakdown,2026-09-01 22:22,11.19,5970.0,3895.2,-15.75,29.13,104.46,0.4,9.5,,24.0,28.63
188,Indian Railway Catering & Tourism Corp Ltd,Travel / Services,Mid Cap,Broader Nifty universe (Next50/Midcap150/Smallcap) — verify at niftyindices.com,Medium-High,Medium,Buying (Directional),Above-average volatility but thinner liquidity/OI than the large-cap names: wider spreads and slippage make disciplined premium selling harder to execute and exit; better suited to defined-risk directional buying.,"Railway/travel demand seasonality, government policy, tourism trends",No close single-stock F&O peer in this list,— fill from your chart —,— fill from your chart —,— fill from your chart —,— fill from your chart —,— fill from your chart —,—,—,—,—,,— fill by running script —,— fill by running script —,— fill by running script —,— fill by running script —,— fill by running script —,— fill by running script —,— fill by running script —,— fill by running script —,— fill by running script —,— fill by running script —,— fill by running script —,— fill by running script —,— fill by running script —,— fill by running script —,— fill by running script —,— fill by running script —,— fill by running script —,38.41,-1.23,398860.0,0.48,0.0,,,,,Neutral / Stand Aside,2026-09-01 22:22,11.19,739.0,480.15,-34.72,0.47,7.85,0.47,9.25,27.63,196.0,21.16
189,One 97 Communications Ltd (Paytm),Fintech / New Age,Large Cap,Broader Nifty universe (Next50/Midcap150/Smallcap) — verify at niftyindices.com,Very High,High,Buying (Directional),"High to very high volatility, often driven by news flow, ownership/regulatory triggers, or a still-unprofitable/early business model: sudden large moves and gap risk make naked OTM selling dangerous; a long option (defined max loss) fits this profile better than premium selling.","User growth & monetization, regulatory changes (RBI/payments), path to profitability, ownership news",No close single-stock F&O peer in this list,— fill from your chart —,— fill from your chart —,— fill from your chart —,— fill from your chart —,— fill from your chart —,—,—,—,—,,— fill by running script —,— fill by running script —,— fill by running script —,— fill by running script —,— fill by running script —,— fill by running script —,— fill by running script —,— fill by running script —,— fill by running script —,— fill by running script —,— fill by running script —,— fill by running script —,— fill by running script —,— fill by running script —,— fill by running script —,— fill by running script —,— fill by running script —,57.98,-5.54,2753126.0,0.57,0.0,1620.0,113.15,0.65,1640.0,Option Seller: Short Strangle / Iron Condor,2026-09-01 22:22,11.19,1732.3,930.6,-6.08,74.83,57.29,13.5,6.47,161.25,,45.27
190,Eternal Ltd (Zomato),New Age / Internet,Large Cap,Nifty 50,Very High,Very High,Buying (Directional),"High to very high volatility, often driven by news flow, ownership/regulatory triggers, or a still-unprofitable/early business model: sudden large moves and gap risk make naked OTM selling dangerous; a long option (defined max loss) fits this profile better than premium selling.","GMV/user growth, path to profitability, competitive intensity, promoter/ownership news",FSN E-Commerce Ventures Ltd (Nykaa),— fill from your chart —,— fill from your chart —,— fill from your chart —,— fill from your chart —,— fill from your chart —,—,—,—,—,,— fill by running script —,— fill by running script —,— fill by running script —,— fill by running script —,— fill by running script —,— fill by running script —,— fill by running script —,— fill by running script —,— fill by running script —,— fill by running script —,— fill by running script —,— fill by running script —,— fill by running script —,— fill by running script —,— fill by running script —,— fill by running script —,— fill by running script —,62.75,-0.92,21501682.0,0.57,0.0,325.0,18.6,0.56,320.0,Neutral / Stand Aside,2026-09-01 22:22,11.19,368.45,212.6,-11.48,53.41,7.32,6.12,2.08,712.5,,28.39
191,FSN E-Commerce Ventures Ltd (Nykaa),New Age / Internet,Mid Cap,Broader Nifty universe (Next50/Midcap150/Smallcap) — verify at niftyindices.com,Very High,Medium,Buying (Directional),"High to very high volatility, often driven by news flow, ownership/regulatory triggers, or a still-unprofitable/early business model: sudden large moves and gap risk make naked OTM selling dangerous; a long option (defined max loss) fits this profile better than premium selling.","GMV/user growth, path to profitability, competitive intensity, promoter/ownership news",Eternal Ltd (Zomato),— fill from your chart —,— fill from your chart —,— fill from your chart —,— fill from your chart —,— fill from your chart —,—,—,—,—,,— fill by running script —,— fill by running script —,— fill by running script —,— fill by running script —,— fill by running script —,— fill by running script —,— fill by running script —,— fill by running script —,— fill by running script —,— fill by running script —,— fill by running script —,— fill by running script —,— fill by running script —,— fill by running script —,— fill by running script —,— fill by running script —,— fill by running script —,54.64,0.54,8377806.0,1.3,0.0,335.0,17.4,0.45,335.0,Option Seller: Bear Call Spread (Call Overhang),2026-09-01 22:22,11.19,349.55,227.9,-3.55,47.94,7.68,5.0,3.68,371.98,,26.44
192,Indian Hotels Co Ltd,Hospitality,Large Cap,Broader Nifty universe (Next50/Midcap150/Smallcap) — verify at niftyindices.com,Medium,Medium,Both / Depends on IV,Volatility and liquidity are middling: workable either way depending on the specific IV level and view at the time; no strong structural edge either way.,"Travel & tourism demand, occupancy and ADR (average daily rate) trends, event-driven demand spikes",No close single-stock F&O peer in this list,— fill from your chart —,— fill from your chart —,— fill from your chart —,— fill from your chart —,— fill from your chart —,—,—,—,—,,— fill by running script —,— fill by running script —,— fill by running script —,— fill by running script —,— fill by running script —,— fill by running script —,— fill by running script —,— fill by running script —,— fill by running script —,— fill by running script —,— fill by running script —,— fill by running script —,— fill by running script —,— fill by running script —,— fill by running script —,— fill by running script —,— fill by running script —,45.41,-1.11,1129170.0,0.72,0.0,720.0,29.9,0.69,730.0,Option Seller: Bear Call Spread (Call Overhang),2026-09-01 22:22,11.19,792.55,565.0,-9.73,26.62,14.37,1.94,5.24,47.71,44.0,20.79
193,Asian Paints Ltd,Paints,Large Cap,Nifty 50,Medium,Very High,Selling (Premium),"Moderate, fairly range-bound volatility with strong liquidity: premium is reasonable and strikes can be placed with decent margin of safety; still check IV before results/events.","Crude-derivative raw material costs, monsoon, real-estate & repainting demand cycle",Berger Paints India Ltd,— fill from your chart —,— fill from your chart —,— fill from your chart —,— fill from your chart —,— fill from your chart —,—,—,—,—,,— fill by running script —,— fill by running script —,— fill by running script —,— fill by running script —,— fill by running script —,— fill by running script —,— fill by running script —,— fill by running script —,— fill by running script —,— fill by running script —,— fill by running script —,— fill by running script —,— fill by running script —,— fill by running script —,— fill by running script —,— fill by running script —,— fill by running script —,33.4,-9.5,1046523.0,1.52,0.0,2560.0,111.55,0.69,2600.0,Option Buyer: Bearish Breakdown,2026-09-01 22:22,11.19,2985.7,2115.0,-14.26,21.04,50.17,0.58,8.91,51.9,104.0,19.95
194,Berger Paints India Ltd,Paints,Mid Cap,Broader Nifty universe (Next50/Midcap150/Smallcap) — verify at niftyindices.com,Medium,Medium,Both / Depends on IV,Volatility and liquidity are middling: workable either way depending on the specific IV level and view at the time; no strong structural edge either way.,"Crude-derivative raw material costs, monsoon, real-estate & repainting demand cycle",Asian Paints Ltd,— fill from your chart —,— fill from your chart —,— fill from your chart —,— fill from your chart —,— fill from your chart —,—,—,—,—,,— fill by running script —,— fill by running script —,— fill by running script —,— fill by running script —,— fill by running script —,— fill by running script —,— fill by running script —,— fill by running script —,— fill by running script —,— fill by running script —,— fill by running script —,— fill by running script —,— fill by running script —,— fill by running script —,— fill by running script —,— fill by running script —,— fill by running script —,35.51,-5.84,134383.0,0.27,0.0,,,,,Neutral / Stand Aside,2026-09-01 22:22,11.19,594.55,391.1,-17.35,25.65,13.1,1.1,15.16,46.97,80.0,27.05
195,Hindustan Zinc Ltd,Metals & Mining,Large Cap,Broader Nifty universe (Next50/Midcap150/Smallcap) — verify at niftyindices.com,High,High,Buying (Directional),"High to very high volatility, often driven by news flow, ownership/regulatory triggers, or a still-unprofitable/early business model: sudden large moves and gap risk make naked OTM selling dangerous; a long option (defined max loss) fits this profile better than premium selling.","Global commodity prices (LME), China demand, currency, export/import duty changes","Tata Steel Ltd, JSW Steel Ltd, Hindalco Industries Ltd",— fill from your chart —,— fill from your chart —,— fill from your chart —,— fill from your chart —,— fill from your chart —,—,—,—,—,,— fill by running script —,— fill by running script —,— fill by running script —,— fill by running script —,— fill by running script —,— fill by running script —,— fill by running script —,— fill by running script —,— fill by running script —,— fill by running script —,— fill by running script —,— fill by running script —,— fill by running script —,— fill by running script —,— fill by running script —,— fill by running script —,— fill by running script —,54.69,1.11,5675069.0,0.75,0.0,600.0,37.9,0.69,600.0,Option Seller: Bear Call Spread (Call Overhang),2026-09-01 22:20,11.19,733.0,430.75,-18.76,38.25,20.27,7.84,6.13,14.79,353.0,37.02
196,GMR Airports Infrastructure Ltd,Infrastructure / Aviation,Mid Cap,Broader Nifty universe (Next50/Midcap150/Smallcap) — verify at niftyindices.com,High,Medium,Buying (Directional),"High to very high volatility, often driven by news flow, ownership/regulatory triggers, or a still-unprofitable/early business model: sudden large moves and gap risk make naked OTM selling dangerous; a long option (defined max loss) fits this profile better than premium selling.","Air traffic/passenger growth, ATF prices, capex on airport expansion, regulatory tariff orders",No close single-stock F&O peer in this list,— fill from your chart —,— fill from your chart —,— fill from your chart —,— fill from your chart —,— fill from your chart —,—,—,—,—,,— fill by running script —,— fill by running script —,— fill by running script —,— fill by running script —,— fill by running script —,— fill by running script —,— fill by running script —,— fill by running script —,— fill by running script —,— fill by running script —,— fill by running script —,— fill by running script —,— fill by running script —,— fill by running script —,— fill by running script —,— fill by running script —,— fill by running script —,22.01,-0.66,19748938.0,1.5,0.0,94.0,4.9,0.85,100.0,Neutral / Stand Aside,2026-09-01 22:22,11.19,115.64,84.11,-18.99,11.38,2.46,0.64,15.17,235.3,,20.95
197,Angel One Ltd,Capital Markets / Exchange,Mid Cap,Broader Nifty universe (Next50/Midcap150/Smallcap) — verify at niftyindices.com,High,Medium,Buying (Directional),"High to very high volatility, often driven by news flow, ownership/regulatory triggers, or a still-unprofitable/early business model: sudden large moves and gap risk make naked OTM selling dangerous; a long option (defined max loss) fits this profile better than premium selling.","Overall market volumes & volatility (their revenue driver), F&O/STT regulatory changes","Multi Commodity Exchange of India Ltd, Indian Energy Exchange Ltd, BSE Ltd",— fill from your chart —,— fill from your chart —,— fill from your chart —,— fill from your chart —,— fill from your chart —,—,—,—,—,,— fill by running script —,— fill by running script —,— fill by running script —,— fill by running script —,— fill by running script —,— fill by running script —,— fill by running script —,— fill by running script —,— fill by running script —,— fill by running script —,— fill by running script —,— fill by running script —,— fill by running script —,— fill by running script —,— fill by running script —,— fill by running script —,— fill by running script —,35.28,0.73,2909391.0,0.57,0.0,280.0,20.1,0.68,295.0,Neutral / Stand Aside,2026-09-01 22:19,11.19,360.45,208.63,-21.89,34.95,8.98,1.17,8.49,25.43,172.0,26.61
